"","AMHE_ANG","AMHE_VOLT","BOWM_ANG","BOWM_VOLT","CLAR_ANG","CLAR_VOLT","CROSS_ANG","CROSS_VOLT","GRAN_ANG","GRAN_VOLT","MAPL_ANG","MAPL_VOLT","TROY_ANG","TROY_VOLT","WAUT_ANG","WAUT_VOLT","WINL_ANG","WINL_VOLT"
"1","0.607419744384057","0.0","0.7549512516233471","0.3353015583933156","0.0","0.0","0.6459315244650108","0.4268901440302043","0.593769557317035","0.4902936080724381","0.576332704712137","0.4356851891358766","0.7986931750875238","0.46978485997115343","0.6060787106339053","0.47435057067006975","0.6168755259516063","0.0"
"10","0.5916714197011502","-0.25","0.7264603184739625","0.3141973175710947","0.0","0.0","0.6250690038256004","0.4043091829465803","0.5797485708646691","0.4991039457153219","0.559153132640879","0.41833500569437315","0.7688761283066825","0.41918140271145293","0.5904488475107519","0.46947825713007013","0.5992590734222663","-0.5"
"100","-0.1425950049097233","-0.25","-0.049307796781836014","0.3177636672205437","0.0","0.0","-0.038989845169713405","0.27159750481213946","-0.16549501943138362","0.14650304405012923","-0.2642185941885129","0.12424224021354346","-0.017231712546993357","0.30734626535884085","-0.1386642053758058","0.21019438554591","-0.34299667952266966","-0.25"
"101","0.37927930868445336","-0.5","0.13341119930066328","0.10778804697700829","0.0","0.0","0.22373889241542194","0.07341337420466351","0.41987924643281915","0.1379979307123585","0.5546260165260808","0.2476001723367194","0.04037405896708551","0.007032044316460847","0.37643856575507917","0.09909574420086535","0.5953716819844924","-1.0"
"102","-0.12292914734350141","-0.25","-0.029407401743476044","0.32314583156209375","0.0","0.0","-0.012613006706395676","0.28190204004523406","-0.14830190979356514","0.1508563108744008","-0.24995799325320853","0.12725930291441523","-0.008447069802776128","0.305809045526609","-0.11913719756669448","0.21696394311087253","-0.3283086055136293","0.0"
"103","0.4025641996998245","0.0","0.1495622827993356","0.10445758354655477","0.0","0.0","0.2395224788264316","0.06694423611230045","0.4445830046201983","0.1378539620017971","0.5818620469763662","0.24757102087885155","0.05511919615132032","0.009527189121057836","0.39941578932035127","0.09365519522699109","0.6234242680150949","-0.5"
"104","-0.12554375760434855","0.0","-0.03627137810609855","0.3189375085298065","0.0","0.0","-0.024969146195512985","0.2736543213045481","-0.14774136220277817","0.15317533741793354","-0.24928150994519083","0.1288515527440477","-0.00741027424201168","0.30674783595124505","-0.12173855725075151","0.21557156595655536","-0.3276118440700462","-0.25"
"105","-0.8234773339176394","-0.5","-0.8249441771038448","-0.6710772458629967","0.0","0.0","-0.8201947112544302","-0.6832022603515352","-0.8219601657611526","-0.6753001468074539","-0.8188657541067582","-0.7018678045719113","-0.7848001786086155","-0.7036324767553981","-0.8222446501960204","-0.685275959399461","-0.8147352335712196","-0.25"
"106","-0.1417597199202123","-0.75","-0.05730316509528426","0.31318431605409214","0.0","0.0","-0.03772593500893607","0.2718084863382309","-0.16480459542892176","0.14707620344509753","-0.26852172476874836","0.12003944029086047","-0.03561753731556762","0.2933568025391147","-0.13783363593779235","0.2105933775497009","-0.34742879993048426","-0.5"
"107","0.6015621217955615","0.0","0.7404707612745276","0.35266486098617267","0.0","0.0","0.6395262418004097","0.4433986188468125","0.5889967313749023","0.5258234575650622","0.5671458343800133","0.45814980502004216","0.7752745493793674","0.48132139497558296","0.6005669929389646","0.5019193728254487","0.6073123533444899","-0.5"
"108","0.42807676470314304","-0.5","0.17444478556926216","0.10487828094749692","0.0","0.0","0.26574306006483894","0.06765048907513066","0.46916510944545475","0.13875823523250452","0.608959324649653","0.24818649797304668","0.07520392006926409","0.015221503937883163","0.4246525995440128","0.09341124384823449","0.651330990289904","0.0"
"109","-0.16240478315670845","-0.5","-0.08272585469944091","0.3045721459824995","0.0","0.0","-0.06411941026585394","0.2613447216697674","-0.18327578992232335","0.14215277099111043","-0.2867139606069398","0.11384163898607305","-0.05605082694779763","0.28639351339236346","-0.15833486104809735","0.20331036052643187","-0.36616636278590053","-0.25"
"11","-0.14002072671852922","-0.25","-0.06440757608998626","0.30661504969224435","0.0","0.0","-0.049492583950077294","0.26137279482741543","-0.1587644420573295","0.15195510575922225","-0.26435535318468895","0.12220506340309255","-0.0358733373262242","0.2908605587526211","-0.13611829355079008","0.21011828126134977","-0.343137537980623","-0.25"
"110","-0.9425934849101152","-0.25","-0.9414195682908827","-0.8635738271021414","0.0","0.0","-0.9262370932219061","-0.9053449599867645","-0.9469882265294467","-0.850316938248751","-0.9465196486745306","-0.843817343170337","-0.9428541328645683","-0.8113770669766339","-0.9425051415256152","-0.888862981251718","-0.9454966046485181","0.0"
"111","-0.9220945533321766","-0.25","-0.9351648947377835","-0.9181527823360055","0.0","0.0","-0.947119971689261","-0.9577408145468059","-0.9167281573808221","-0.9015405647799379","-0.9184067911533615","-0.898858220898876","-0.9140743197664931","-0.8865288840179133","-0.9227762399675805","-0.93450784954766","-0.9162594248039896","0.0"
"112","-0.8282366320368479","-0.25","-0.8208508949153759","-0.7458589066816306","0.0","0.0","-0.8053680496732929","-0.753776721064629","-0.838277130933145","-0.8818411587950716","-0.8352994989080328","-0.8582379670684999","-0.8053873049408599","-0.820239275422343","-0.8287669063746739","-0.8383602641178973","-0.8308689103239721","-0.5"
"113","0.4145052234987009","-0.25","0.14977703256834862","0.09636985634706095","0.0","0.0","0.24220403227766513","0.057335132644629305","0.45869659711233146","0.13651421757041046","0.5974249047544011","0.24678889604329024","0.052393802181766855","7.152571199695977E-4","0.4111494833517722","0.08625282100082371","0.6394572166550851","0.0"
"114","-0.1440414394384058","0.0","-0.05842362244565149","0.31316438702294747","0.0","0.0","-0.041078006198032195","0.2704266101963743","-0.16670647478097939","0.14661372321254146","-0.26936689140993997","0.12042215424748616","-0.03377456924726401","0.2956524698261561","-0.14009955397042217","0.2097791248956569","-0.3482993011269002","0.0"
"115","0.60667682250062","-0.25","0.7430688540012841","0.35448268923463283","0.0","0.0","0.635216594002383","0.4539653647605589","0.5973595789686038","0.5448318285595005","0.5757881527421698","0.46550093746782434","0.7860814166421296","0.4758668736715663","0.6057736446368955","0.5162344160701875","0.6161807555145739","-0.25"
"116","-0.13164224167623229","-0.25","-0.04608498641817222","0.31422872311699274","0.0","0.0","-0.03933147061524324","0.26540867093724446","-0.15109588753468048","0.1537420832361135","-0.25230441935534437","0.12884516110906163","-0.010083483811316527","0.30650748944324013","-0.127799914863988","0.21291200121476234","-0.3307253676403635","0.0"
"117","0.3962207406254237","-0.5","0.16650907976741433","0.12064337913365648","0.0","0.0","0.25397903872012073","0.0877074427232802","0.4326963638449714","0.14089606258968262","0.5687493825039844","0.2493964279814635","0.07262643274619819","0.029108390894672143","0.3933017527531818","0.10871460693487266","0.6099101827609282","-0.5"
"118","-0.9302189309384811","-0.25","-0.9177174074827794","-0.9377871642612065","0.0","0.0","-0.8997381197495986","-0.9353920096987491","-0.9434822414704547","-1.0","-0.9431517144970052","-1.0","-0.9347508824713158","-0.9981276081518292","-0.9314927448121922","-0.9904677052236817","-0.9412244572255051","0.0"
"119","0.4316244163226086","-0.25","0.1745672799394578","0.10070615275731788","0.0","0.0","0.27391025499189936","0.06960272521005395","0.4712701124009518","0.13886704151947213","0.6112730187064837","0.2482820535568711","0.06508363163836241","0.0027999646213688403","0.42818050372089667","0.09511003987659447","0.65371360166863","0.0"
"12","-0.12279860211906495","-0.25","-0.029643482928651536","0.32276058555850007","0.0","0.0","-0.014141882617835189","0.280677535115695","-0.1476388738000882","0.15143454088552502","-0.24912420697866375","0.12788746308965748","-0.007029931016254239","0.3066393257871829","-0.11900842768308999","0.21692826219297157","-0.32744982581957605","0.0"
"120","0.6001707927719737","0.0","0.7383531127663626","0.34712642433697444","0.0","0.0","0.6275216324708077","0.45237260498873744","0.5907921713454531","0.49957271367481687","0.5713893748585153","0.43402007550856897","0.7871138686895158","0.45539129759494434","0.599064686393586","0.4896553279943696","0.6117915046402751","-0.25"
"121","-0.11379169355028843","0.0","-0.029469219010731927","0.3191585782759912","0.0","0.0","-0.00937651367918977","0.2793100018647334","-0.13741235211898764","0.15588351539289477","-0.2434499106210188","0.12795722436042323","-0.012650685308370171","0.29782862202564875","-0.11007089648738884","0.21948381208948037","-0.3216054378286054","0.0"
"122","-0.8895584135355612","-0.5","-0.8962787844903312","-0.8114196424818407","0.0","0.0","-0.8841773275661811","-0.8657928795350063","-0.8906184455821856","-0.7910873694788056","-0.8926717104623211","-0.7912103144615155","-0.8870160967077482","-0.7714311868510276","-0.8893788410351456","-0.8338981743359063","-0.8903022233368658","0.0"
"123","0.5987217306489766","-0.5","0.7259732584858094","0.31563916513399887","0.0","0.0","0.6174668104092711","0.3971127260776851","0.5907372381594315","0.4749979037525088","0.5688430467630076","0.41170041582329064","0.7771385998987028","0.4339042400623476","0.597230975425548","0.4507765650090287","0.6092693463600289","0.0"
"124","0.6301921320364285","-0.5","0.7615321313779233","0.2989392107506091","0.0","0.0","0.6582251114737254","0.4016598028627264","0.6185966102076279","0.4782687752067606","0.5944225244499334","0.40192133959337434","0.800830030780342","0.40964919442026754","0.6284066115549907","0.45486440509145554","0.6356596892466996","-0.5"
"125","0.5995149928029291","0.0","0.7415798434329548","0.34501828742594354","0.0","0.0","0.6337097798137018","0.44098913753279473","0.5880126798107519","0.5159565947307901","0.569133115132845","0.4473503632656912","0.7858564952144786","0.4664907831765912","0.5984695629529391","0.4948810645426182","0.60940769203206","-0.25"
"126","-0.15362882737442748","-0.25","-0.06699580325450537","0.31223346750604697","0.0","0.0","-0.04477668927190104","0.2723149198360051","-0.17803787076374938","0.14155112895242433","-0.2807593960539521","0.11520878134777997","-0.047147615854800984","0.2904181018345593","-0.149614940750773","0.20688753283825867","-0.36003330533322575","-0.5"
"127","0.5853387163168615","0.0","0.726705678365654","0.35231435724099985","0.0","0.0","0.6124639485880458","0.4512759839839332","0.5768618381437519","0.5355102327716235","0.5603015147993693","0.45647562406262077","0.7816347775401182","0.4627775969432742","0.5846012534442577","0.5101108339596977","0.6002703832369318","-0.75"
"128","-0.12426025826122393","-0.5","-0.03971048971874662","0.3172229069938829","0.0","0.0","-0.019220924038976697","0.2771656941346111","-0.14791033993217934","0.15239399269326903","-0.2531564908890937","0.12480007686069061","-0.02182894962688879","0.2958687071064169","-0.12046145101859694","0.21626558461767678","-0.3316029807090894","-0.25"
"129","0.6254662156175513","0.0","0.7592100780527947","0.3164091071505186","0.0","0.0","0.6539223589184907","0.4364909901710019","0.614522838177882","0.4792190349364179","0.5913638419834448","0.4024938969368797","0.8000229674861585","0.4090753882204253","0.6238935740327619","0.4706184694911846","0.6325067371570791","0.0"
"13","-0.9464600229841929","-0.5","-0.951799628182339","-0.919458105758008","0.0","0.0","-0.9657116346400813","-0.9142177534833007","-0.9389398443169018","-0.7961704209784047","-0.9384684557718748","-0.8656640453379245","-0.9255289806203477","-0.9275285826660234","-0.9459379438571585","-0.8561836088804745","-0.937092481197842","-1.0"
"130","-0.83881473454781","-0.5","-0.8433348367112088","-0.7553084259103108","0.0","0.0","-0.8453002330767884","-0.8161578748321633","-0.8374474162344624","-0.7814173370847793","-0.8356242687608048","-0.7698162411204368","-0.8100114618945946","-0.7353579900016667","-0.8388160081025147","-0.8035175909999714","-0.8316531940900441","0.0"
"131","-0.8873889605651502","-0.25","-0.9092911941677241","-0.7793961185268172","0.0","0.0","-0.9056248974868039","-0.7825290828138639","-0.883540617388462","-0.8826077236932058","-0.885557363091506","-0.8401254889760746","-0.8811350741704352","-0.7776368043935908","-0.8873930802802245","-0.8473148534402115","-0.8827257580280904","-0.5"
"132","-0.16370135081169973","0.0","-0.0854297138564707","0.30325137782434153","0.0","0.0","-0.06654361284289664","0.26001525403341263","-0.18418993024157762","0.14210799649909622","-0.28804252839406425","0.11323145787781493","-0.05871158502237444","0.2848080138159639","-0.1596231130315832","0.2027854710322659","-0.3675347554694794","-0.25"
"133","0.5941880927855326","-0.5","0.7327481557925013","0.3519042567793357","0.0","0.0","0.6200914249163453","0.4408259075745775","0.5857034062894186","0.5382632558307308","0.5670921752512333","0.46452428453621397","0.7841112211364457","0.47958496992079297","0.593322143655655","0.5068183717638839","0.6072284889157623","-0.25"
"134","-0.8292995793267809","0.0","-0.8354211075019743","-0.6888453824020769","0.0","0.0","-0.8116095595630078","-0.731002648564806","-0.8368666529938822","-0.8532047004805672","-0.8371198895155896","-0.7835771379759668","-0.8223100437570462","-0.6850681436019427","-0.829493790818583","-0.8111621156653844","-0.8331239144090548","0.0"
"135","0.6141993858091348","-0.25","0.7491284217781896","0.35205835894529286","0.0","0.0","0.6432255275627411","0.45714883260355466","0.6042517346654926","0.5182510331784862","0.581238522136105","0.4486016812484292","0.7887241280844193","0.4694347332769001","0.613072337747552","0.5022484025787033","0.6218703476649408","0.0"
"136","0.42142143036283264","0.0","0.17567448722821935","0.10897351425579788","0.0","0.0","0.27108528531808695","0.07788002231050789","0.45936173071449177","0.1400142855853857","0.5981435847609196","0.24894575917842204","0.0708244483928885","0.013804870935089048","0.41815306110301825","0.10129087184876923","0.6401875634105928","0.0"
"137","-0.8036376257687299","0.0","-0.8200598453113707","-0.704474759375139","0.0","0.0","-0.8011760744858436","-0.7417434233412007","-0.8058771976634435","-0.7938952229915993","-0.8114287174564243","-0.7662166711639034","-0.8038008826862556","-0.7264970849724808","-0.8037185593535359","-0.7785432232159735","-0.8067505861600213","0.0"
"138","-0.1449105827841537","-0.25","-0.06596515161020125","0.3081052813705959","0.0","0.0","-0.04940126548037764","0.26409809307260107","-0.16516889186492587","0.1488134256041017","-0.2697049578342944","0.1201933371573393","-0.039239536274546356","0.291096778251105","-0.14096801697380568","0.20896511854000682","-0.34864750136638656","-0.75"
"139","-0.815983322761322","0.0","-0.8300500339632932","-0.6492060175828142","0.0","0.0","-0.8171114528284961","-0.6764766572224377","-0.8136092963754238","-0.6859656881285411","-0.8152714658494273","-0.6815961942089122","-0.7971642204594098","-0.651546598757748","-0.8148593223594415","-0.6876987456663489","-0.8111350492627375","0.0"
"14","-0.13364585445996832","-0.75","-0.051914260020935396","0.3121067087360997","0.0","0.0","-0.03926821830821569","0.26639828134732374","-0.15372448420538037","0.15269600213415052","-0.257340590630048","0.12549979577640982","-0.022393044279271922","0.29856785444296674","-0.12978617673593623","0.2125249249961577","-0.3359125022317202","-0.5"
"140","-0.11608374295324968","0.0","-0.03218945840336584","0.31811011484225254","0.0","0.0","-0.014568993457894102","0.27654918726534294","-0.13873513191465675","0.15608136851360102","-0.24416151014229323","0.12845683219390464","-0.011860625785962916","0.29921063258334485","-0.11234763962437445","0.2186115123011868","-0.3223383681224054","-0.25"
"141","0.6231281254631563","0.0","0.7586570758268913","0.3405770620797561","0.0","0.0","0.6519487744955956","0.4408185085157947","0.6121570591709576","0.4749018712379911","0.5890810628441099","0.4254282965144533","0.7982974470452622","0.46792472953627395","0.6215753482605239","0.47011643934940023","0.6300521758649815","-0.5"
"142","-0.11324139580502436","0.0","-0.02321588681940425","0.32262370940014495","0.0","0.0","-0.007288128031662476","0.28089395809398754","-0.13736624575126657","0.15542196882507364","-0.24068364669425663","0.13033800999388323","-0.002125134523628917","0.3056191236784105","-0.10952338392223765","0.219777323405168","-0.31875625289809995","0.0"
"143","-0.8453881649705822","-0.5","-0.8386943560675925","-0.7883377527698515","0.0","0.0","-0.847493902244931","-0.8288647399171691","-0.8447618266463032","-0.7655675455458856","-0.8397376341943354","-0.7961183637986106","-0.8013619713613348","-0.8097086225892267","-0.8452849652924936","-0.8006535158683838","-0.835756490966026","0.0"
"144","0.5881003235567597","0.0","0.7195675292554301","0.3270145525743239","0.0","0.0","0.6091702557133523","0.4222142633449307","0.5807755215906537","0.524930752349675","0.5611180257598373","0.4351217206885071","0.7736830683685453","0.42695842466287987","0.5871347403949012","0.49075537869462066","0.6012073087340442","0.0"
"145","-0.8210130941143384","0.0","-0.8333908880530349","-0.7924684943968361","0.0","0.0","-0.8074398849588892","-0.8206334960003591","-0.8274158931780389","-0.8300231406550455","-0.8363357195092215","-0.8364458905500874","-0.838685194260653","-0.8486972194784136","-0.8215897505891716","-0.835771199655862","-0.832047419109071","-0.5"
"146","0.3743069185553852","0.0","0.15187286402918485","0.12637453997202971","0.0","0.0","0.2289521212566671","0.08697820526687725","0.41233203817200664","0.14034643169696395","0.546308654374039","0.24897594075924637","0.07299730726488042","0.04127513936465206","0.37161960076765144","0.10844042153841882","0.5867987007773803","-0.25"
"147","-0.11580966620437078","-0.5","-0.023336260795155717","0.3232253941258513","0.0","0.0","-0.01135170267729599","0.27923110923406186","-0.1394132900470867","0.15497322053065754","-0.2408505689803961","0.13149749345775105","0.0027093772249363315","0.3102197356575639","-0.11207365894549429","0.21887966462074554","-0.318928178815086","0.0"
"148","0.44487989266845157","0.0","0.18160810626439156","0.09564617769136888","0.0","0.0","0.2853131275802632","0.06634041580363444","0.48460891867602285","0.1385387658350555","0.6259765875447793","0.24812286631781072","0.0658124941688511","-0.004071577533445786","0.4412661437769084","0.09250854028461442","0.668858650796759","0.0"
"149","0.622140851728374","-0.25","0.7621557970591036","0.2885457195168687","0.0","0.0","0.6547311069669018","0.3862648932259596","0.6091802055498415","0.48787436982306426","0.5895416362728019","0.4054873120951407","0.8075724302053586","0.40358417320875034","0.6204370639143002","0.4544314463815997","0.630616406634949","-0.5"
"15","0.5921582222211632","-0.25","0.7317276649256357","0.357462882227353","0.0","0.0","0.6168670981006898","0.45380254108228185","0.5834659238663749","0.46991122382655953","0.5657885995526389","0.42848121724122396","0.7857315499186635","0.4771850024182075","0.5909686466311072","0.4731909390733692","0.6060477611950081","0.0"
"150","0.4186381992037044","0.0","0.18117404767442286","0.11722037663045244","0.0","0.0","0.263784085778628","0.07732032006238963","0.4580117380856776","0.14035763015869146","0.5966645599310066","0.24911374263398264","0.09181194374922264","0.03613172112318843","0.4153906723805938","0.100455952309186","0.638663434503136","-0.5"
"151","0.4229076626676968","0.0","0.18590761856971713","0.11614371812211427","0.0","0.0","0.2755502351617627","0.08246463369717841","0.46003100578832895","0.14100657058040164","0.5988829401972205","0.24953708739644853","0.08694765087779792","0.028597598021430602","0.41965616840393105","0.10434849953639287","0.6409463742950333","-0.75"
"152","-0.14821824014268095","0.0","-0.05715416803920389","0.3168255198973245","0.0","0.0","-0.03284975325430916","0.2788965842693628","-0.17481812536245703","0.1410574487048864","-0.277025545467326","0.11600423126184994","-0.041384543910831344","0.29298868851480525","-0.14424082489606913","0.2089120627898915","-0.3561875295483292","-0.25"
"153","0.39997320303991707","-0.25","0.17971467851502304","0.12769478832315276","0.0","0.0","0.26403154134888457","0.09464334161857259","0.4346151369175749","0.14212884780539317","0.5708635972357178","0.2501438133488169","0.08796522343105186","0.04154546284847176","0.3970644966773343","0.11342436326219554","0.6120843511469459","-0.5"
"154","-0.15499170916391725","-0.25","-0.07466112863412279","0.306609236158755","0.0","0.0","-0.0581860029261796","0.26234445045381627","-0.17550544539436566","0.14505032628321263","-0.278811462281556","0.1171851576200204","-0.04652117854522533","0.2901996235336009","-0.1509757131486728","0.20570991378338724","-0.35802698066686245","0.0"
"155","-0.8668448253514315","-0.25","-0.8453424064404313","-0.7703063911830381","0.0","0.0","-0.844772591117627","-0.8324684677784782","-0.877265183487703","-0.9331948331437655","-0.8647739054233673","-0.8641925105635958","-0.8174718563073329","-0.7532747965084071","-0.8677429955259348","-0.9034441698501914","-0.8611964011329695","-0.25"
"156","-0.1393433325135312","-0.25","-0.051033409989646804","0.316920372063277","0.0","0.0","-0.02705105187148119","0.2788444612526285","-0.1650886253398966","0.14509578474788862","-0.268781411116305","0.11881051434551303","-0.03579810596465611","0.2929284681674621","-0.13543089534668867","0.2117472226521795","-0.34769627058683","-0.25"
"157","-0.8812646346911464","-0.5","-0.9115124253622449","-0.8139211090939333","0.0","0.0","-0.9109971043761627","-0.8007643243440763","-0.8735240974168231","-0.8534879072612515","-0.8801951634426903","-0.8499448082336839","-0.8844951559536416","-0.842974244731344","-0.8812079021127509","-0.8367466698861679","-0.8771527161348381","-0.25"
"158","-0.8384927277192596","-0.25","-0.8498159168027936","-0.6617191590016378","0.0","0.0","-0.8305695656952149","-0.6787240794005691","-0.8376254285501867","-0.6651544176903087","-0.8394837383932243","-0.6780301592740681","-0.8250160652973139","-0.6648745814819238","-0.8370207531936465","-0.6785848818837553","-0.836090998691715","-0.25"
"159","0.4047538993194199","-0.5","0.15955327929130286","0.10829762716338973","0.0","0.0","0.2566194050997574","0.07928884094031012","0.4425428598325291","0.13956625510389684","0.5796012793446058","0.24863638611972996","0.05458426548338679","0.006845289843981874","0.40168047847959815","0.10283013382319114","0.6210908538493091","-0.75"
"16","0.6064139080205714","-0.5","0.7474649088677291","0.3144840264998851","0.0","0.0","0.6386114150290642","0.40493486020917757","0.594321166634651","0.4866363151048222","0.5758221123145577","0.41966604120778545","0.7948336673451679","0.4371127198810535","0.604957828041734","0.4621293908198837","0.6164217238493714","0.0"
"160","0.5918562463332973","0.0","0.7185639828957343","0.31525359272030523","0.0","0.0","0.6120042795759516","0.3967220404465263","0.5833357002589762","0.453538584417079","0.5615419971158905","0.3980035869588649","0.7688747588031095","0.4273059913718711","0.5903139011010398","0.4386571490765829","0.6018112204939702","0.0"
"161","0.6144845730793944","0.0","0.7542803685320898","0.3350537631597131","0.0","0.0","0.6408069560872484","0.44459030484102613","0.6053767832341989","0.5365914040260911","0.5860515052330487","0.4489822332878106","0.8043100267218789","0.44638925929062123","0.6134033370977614","0.5070140796700863","0.6268258945745893","0.0"
"162","0.39646458861913464","0.0","0.1793229646237942","0.1302725362055655","0.0","0.0","0.2604587397444875","0.09542577850912884","0.4312467923633564","0.14223797179786282","0.5671523053027784","0.2501921061941658","0.0916195860900753","0.046968339978295956","0.39359916762275854","0.11395867333436675","0.6082615891460089","0.0"
"163","-0.12553813846999315","0.0","-0.04121196325455535","0.3166655051771739","0.0","0.0","-0.021838255066976626","0.27582344598320385","-0.1487368103262794","0.15241455978931467","-0.2536982620144032","0.12494754940603034","-0.021705520941264853","0.29642127923194395","-0.12173066992049796","0.21579147420708242","-0.3321609918630798","-0.25"
"164","0.6120907942435362","-0.25","0.7453402604586293","0.308818558917204","0.0","0.0","0.6294879988952267","0.38835791358269833","0.6044306103808971","0.5089790742040031","0.584830968775089","0.43368729931647904","0.8023274186010136","0.44397689419856945","0.6106132119416373","0.4659425675299636","0.6256375180378188","0.0"
"165","0.4336990463496604","-0.25","0.1797972780268462","0.10479650555641894","0.0","0.0","0.2712957325542363","0.0675384447426027","0.47464263401518625","0.13890228663149565","0.6149976342457981","0.24828769052507618","0.07964041229408847","0.01641289192115321","0.43021200406431676","0.09316108762357002","0.6575498397675716","0.0"
"166","0.5977111643353589","-0.75","0.7261027590291452","0.34803618205229436","0.0","0.0","0.6169277325421493","0.44395197229728056","0.5904100349709017","0.4693450094798418","0.5680138326156337","0.4194589603392628","0.7750887062744679","0.45916917198631046","0.5964070733605116","0.4678406955124022","0.608380317347264","-0.25"
"167","-0.1414802233058831","-0.25","-0.05307017854726059","0.3152501624952171","0.0","0.0","-0.03888211786894411","0.2709588941647628","-0.16407035976590215","0.14744139907044668","-0.26531604261746977","0.12274080074441915","-0.0252726804124403","0.3008283657227889","-0.13755730370946162","0.21057713139509976","-0.34412702485795754","-0.5"
"168","-0.16685957656945238","-0.75","-0.08281772401280008","0.3064354257504039","0.0","0.0","-0.06509232847164889","0.26296809191968756","-0.18878098863158527","0.13939985834918803","-0.29028734718659804","0.11298192916004123","-0.05500404247975158","0.28949373262485695","-0.16275590492477207","0.20199536892750702","-0.3698468645251361","-0.25"
"169","-0.874763130903202","-0.25","-0.8773839902038828","-0.7767500030069393","0.0","0.0","-0.8634037556693731","-0.8237224705337575","-0.8765643345902211","-0.7434588559145352","-0.8774082321034568","-0.7592847137031545","-0.864868390831468","-0.7539840172002464","-0.8742006377237577","-0.7884797187684056","-0.8747429680406865","0.0"
"17","0.41677505857573693","-0.25","0.16280543709443657","0.10485226657334597","0.0","0.0","0.2511877770459145","0.06522531157088877","0.4591031884953777","0.13810160113667497","0.5978708654032776","0.24775176375045685","0.06875216588932088","0.01534117903343931","0.4134551644999562","0.09185333843526224","0.6399121361150336","-0.5"
"170","0.36806086742647565","-0.5","0.13424884514987656","0.11627538396104826","0.0","0.0","0.22061190595009822","0.08205800144452792","0.4067645950060052","0.1389847130818979","0.5401677214879924","0.24815817242057184","0.04596599497633063","0.018223994263297523","0.3654081182856531","0.10542665370017736","0.5804774327546647","0.0"
"171","0.4403775838622522","0.0","0.19128652399446064","0.10753421814207717","0.0","0.0","0.2850191093905147","0.07356913318184304","0.47917185327871603","0.14000621886334627","0.6199854973933897","0.24898096935487432","0.08671762587837119","0.01902385320657628","0.4368659532095441","0.09753232963861685","0.6626840438706963","-0.5"
"172","0.3799774294327898","0.0","0.14423754241613898","0.11420707029521039","0.0","0.0","0.2379168416260893","0.0855659941302567","0.4167999878306725","0.13964835734306913","0.5512233301513129","0.24861189763976208","0.04534495509628949","0.010901431616947429","0.37722274841646364","0.10781941037292904","0.5918623647481344","0.0"
"173","-0.145411846323864","-0.25","-0.0655730763183648","0.308437787629581","0.0","0.0","-0.050217049748349014","0.2637514457824543","-0.16556183473859043","0.1487088511634203","-0.26949879123446996","0.12063366626879427","-0.03739441935846755","0.2926714590942765","-0.1414659591033922","0.20877211114707572","-0.3484351547555984","-0.75"
"174","0.5994036641693041","-0.25","0.7364117959162605","0.29743199909216633","0.0","0.0","0.6373206431313511","0.39461787732928016","0.5849376036950351","0.4420340477319262","0.5644527822862264","0.3781851977714464","0.7757416080853334","0.39418687186415946","0.5977207994049779","0.4328771971764988","0.6048987919685868","-0.25"
"175","0.6119104122177392","0.0","0.7400240855785545","0.30145877000359256","0.0","0.0","0.6298647147697323","0.39057963889691427","0.6036200062145108","0.46897144758267","0.5816517920114466","0.40055896246565015","0.7920032821272005","0.41573733987936556","0.6102091695822286","0.44406143306085294","0.6225122907893471","-0.25"
"176","-1.0","-0.25","-1.0","-0.9779972006530487","0.0","0.0","-0.9995874161910709","-0.9504426646825088","-1.0","-0.9179551631333901","-1.0","-0.9568546085508567","-1.0","-0.9864462882997684","-1.0","-0.9470957500046719","-1.0","-0.5"
"177","-0.1363673348894498","-0.25","-0.03786705103229514","0.32314834375207213","0.0","0.0","-0.024842420096150054","0.279537450565483","-0.16191838655943575","0.14585556911736083","-0.2600861906413925","0.1250445007525762","-0.010887975695386437","0.3101262658371775","-0.1324773792924895","0.21263273255850376","-0.3387404038291916","-0.25"
"178","0.4472214847872867","-0.5","0.18412010028885104","0.09645302999091365","0.0","0.0","0.28549665551494763","0.0650242320602633","0.48749629897224317","0.13848103673254483","0.6291620756690028","0.24808702007317412","0.07100198988146161","-2.2546138345510473E-5","0.44357012466324686","0.09134029970468656","0.672139790645933","0.0"
"179","0.4053906041370753","0.0","0.158118092792543","0.10763845224677425","0.0","0.0","0.25230711768982883","0.07543988317391903","0.444554450854522","0.13913771048032159","0.5818226897019083","0.248370612979423","0.05706667224517167","0.009339067997667382","0.4022792015896566","0.09992418256524013","0.6233800696822719","-0.5"
"18","-0.12008540509457155","-0.5","-0.03455498580750642","0.3179083210509912","0.0","0.0","-0.020635078766439077","0.2740465233367202","-0.1420095794106767","0.15539883442689745","-0.2457580594526513","0.12910290510843297","-0.009234010591870503","0.3028069890325922","-0.11632105528664903","0.21723268885589173","-0.3239827752926226","0.0"
"180","0.400045873395989","0.0","0.17195224652332733","0.12239070753527394","0.0","0.0","0.25699811314865373","0.0877093688236762","0.436658065664406","0.14115092179226252","0.5731181346046073","0.24955471489941256","0.08044093310901015","0.03467886867331851","0.39708405252218715","0.10853904175542749","0.61440916706473","-0.25"
"181","0.3788961984067878","0.0","0.13058676726431903","0.10586247501519754","0.0","0.0","0.2215786811959044","0.0714355397856283","0.4199902884204328","0.13764789877390313","0.5547490745238762","0.24738801676455588","0.0370960295542178","0.004021183189346677","0.3760447298049192","0.09771366373424056","0.5954994002399384","-0.25"
"182","0.4430427253167298","0.0","0.18155979220662777","0.09840070799595244","0.0","0.0","0.27941570359231244","0.06436851873680875","0.48399371898370475","0.13839247639160923","0.6253036989894625","0.24801478544572003","0.07323092987979514","0.004814076964717222","0.43943034719766366","0.09080425235830283","0.6681660867537207","-0.5"
"183","0.3991763927174202","0.0","0.18068443731183303","0.12884772458672714","0.0","0.0","0.2648725006716491","0.09620920326173985","0.4333844760050953","0.14230898897515626","0.569506452823008","0.25024998730266057","0.08893482866195743","0.04280751378970251","0.3962881514836346","0.11453876048624222","0.6106860391694289","0.0"
"184","-0.13511315142489325","0.0","-0.03639723571684079","0.3238795212293015","0.0","0.0","-0.021115840569076085","0.2817411073164632","-0.16148159284270405","0.14548210335834916","-0.2601958704580722","0.12440362261123326","-0.012462709009252858","0.30866008573683007","-0.13123112055679076","0.21315226955071978","-0.3388533713872909","-0.5"
"185","0.4369978726407348","-0.25","0.182925794999269","0.10354176636860547","0.0","0.0","0.2794332691174712","0.07063490811623684","0.4764728779960392","0.13931699126620303","0.6170098883295551","0.24856105708437046","0.07596959664223894","0.010549257137469523","0.43350152273192083","0.09558438626460923","0.6596211611217598","-1.0"
"186","-0.12852185778322997","-0.25","-0.044102122165051334","0.3158390273479244","0.0","0.0","-0.02668029892011769","0.2736515444445193","-0.1510752838110286","0.15203452417539226","-0.2553280106555824","0.12499294429628591","-0.021714683155618048","0.29759531321696314","-0.12469360957411797","0.21473711765800815","-0.33383959354097353","-0.5"
"187","-0.8260707478416434","-0.25","-0.8333330564575923","-0.7551071010993973","0.0","0.0","-0.8271842397413014","-0.7631171967053447","-0.8242029206438247","-0.6979720004531477","-0.827056619963226","-0.758839896011457","-0.8073788947993974","-0.8173895654453781","-0.825367205870868","-0.7325716550596836","-0.8228842755775699","0.0"
"188","-0.9210821529623128","-0.5","-0.9123916867408568","-0.7896645975000279","0.0","0.0","-0.9220809105417402","-0.7911745623628363","-0.9179068791430741","-0.7521043537892753","-0.9084081730967981","-0.7866495241425607","-0.869510007882451","-0.7852532839810622","-0.9199121233216522","-0.7790815767266138","-0.9065335395638432","0.0"
"189","-0.8137463747365028","0.0","-0.8300206289615086","-0.6302857524936519","0.0","0.0","-0.8020735703656726","-0.6387996137922877","-0.8157084078288412","-0.7106088952599087","-0.8202131725098236","-0.6942550252803326","-0.8117954451632156","-0.6552384134958084","-0.81264135174864","-0.6872754900839289","-0.8161613134079323","-0.25"
"19","0.6019738924328301","-0.25","0.7428654981539563","0.31590279340921795","0.0","0.0","0.6298551541977867","0.4030354458830127","0.5912883112590543","0.48480734609332904","0.5740360822454816","0.4206308682423718","0.7962453306575951","0.4409062742710929","0.6005423984429342","0.4599020249508282","0.6145778106573799","0.0"
"190","-0.8605163229810056","-0.25","-0.8634482643473498","-0.6938016501900912","0.0","0.0","-0.8291857811874817","-0.721356020603639","-0.8679522373116302","-0.7328671470636551","-0.8698225101465851","-0.7236036244714915","-0.8618122082983724","-0.6862005980593462","-0.859538367349093","-0.7405590331146067","-0.8671100256202413","0.0"
"191","0.5966063916336668","0.0","0.7331668589388353","0.3535072535160877","0.0","0.0","0.6252908575467492","0.45714105954061096","0.5873734420883757","0.5295389897981004","0.5669027273559668","0.45191408610936157","0.7785897073420078","0.4614660755526599","0.5957381007961342","0.5091158241212285","0.6070899501626911","0.0"
"192","0.6216774840022492","0.0","0.7620384470567517","0.30289490688597676","0.0","0.0","0.65484815670045","0.4147621338237456","0.6086561090877934","0.45588976991925073","0.58868756773214","0.3892342571966711","0.8059487043169258","0.4042580850535124","0.6199174300278485","0.44849508735613275","0.6298100976603532","-0.5"
"193","0.6207876633265951","0.0","0.7519009929754472","0.3020398540655995","0.0","0.0","0.6490468678225944","0.4000325434724155","0.6091409506283586","0.46256114829989425","0.5855796267283071","0.39533482817993904","0.792240668820293","0.41233638044413196","0.6190055323182491","0.4454324499701661","0.6265814442392612","0.0"
"194","-0.15602325285524307","0.0","-0.06555875238186062","0.31262066888740464","0.0","0.0","-0.054941150338227565","0.26578109685018947","-0.17789951717511154","0.14291746596034532","-0.27655897236145577","0.11980751957394602","-0.03142472957815878","0.3023618338085055","-0.1519979030461689","0.20555048958155864","-0.3557069705353718","-0.5"
"195","0.3998230006721386","-0.25","0.15737689569473334","0.11155418301271412","0.0","0.0","0.2477138143790501","0.07744514946601606","0.43890733656488623","0.13940793100472706","0.5755991456429789","0.24851078132118273","0.06125235961462499","0.016529788628590416","0.3967868527836061","0.1013831559095384","0.6169693280501877","-0.25"
"196","-0.17221793252388623","-0.25","-0.08892840937062395","0.3049606009318963","0.0","0.0","-0.06789126141175773","0.2633485505790887","-0.1948786270567418","0.13681674325964743","-0.2969772590440887","0.109691322540971","-0.06434643993321254","0.2849962596145911","-0.16807493498241355","0.20029426300454717","-0.37673731191389354","-0.5"
"197","-0.1457162494377092","-0.25","-0.05765879452422692","0.31526196843267695","0.0","0.0","-0.03402103206312636","0.27668703512231674","-0.17116762556903956","0.14320728427289522","-0.27437014542126265","0.11702855830665308","-0.04098887503450732","0.2918248622072711","-0.1417579659540643","0.20963448845735103","-0.35345253173322105","-0.25"
"198","-0.14207678100022425","-0.5","-0.0500626714200586","0.31799931532046","0.0","0.0","-0.033185313974009374","0.2757692786860313","-0.16668349500418775","0.1451445191486762","-0.2673543603073702","0.12143570328454796","-0.026065712028795027","0.3011613165268875","-0.13814596340863722","0.21071978826575868","-0.346226442773024","-0.25"
"199","-0.8418249567878034","0.0","-0.8303680781666445","-0.8031791592717442","0.0","0.0","-0.8236921618054432","-0.8491527903082351","-0.8487002930122429","-0.8162190115789021","-0.8457257265773134","-0.8326323541674995","-0.814732487589683","-0.8369949192458042","-0.8422474191351894","-0.8415096193195861","-0.8417383381570153","0.0"
"2","0.6088401332827044","-0.25","0.7539734718143204","0.3159200757852736","0.0","0.0","0.643512298257579","0.40458449464385343","0.5954103256633124","0.44886376853439874","0.5782225539243062","0.4045980622727916","0.8017726815331464","0.44691613626816007","0.6071354540208075","0.44054480169549154","0.6189620364472773","0.0"
"20","-0.11700606652123","0.0","-0.03151877853452313","0.3192319924638263","0.0","0.0","-0.012098115035636986","0.2789476514069387","-0.14073234769622653","0.15469950897490647","-0.2459972154213754","0.12743019590048216","-0.01354283554124013","0.29872141509065425","-0.113260922878426","0.21853271403203184","-0.3242291001553868","-0.5"
"200","-0.8916732427866004","-0.25","-0.8936632030059971","-0.8136046805649703","0.0","0.0","-0.8712952593426312","-0.8006968887169063","-0.8954692586309401","-0.7420738723909233","-0.8993933157996458","-0.8072556865927496","-0.8941641708754353","-0.8689386570910443","-0.8908248570854039","-0.7796537480800309","-0.8971438185771593","-0.75"
"21","0.5808085315597555","-0.25","0.7081991829464589","0.33236312513571037","0.0","0.0","0.6032303774833876","0.41971160713268013","0.5730581005164676","0.5129364886241302","0.5514882423443401","0.43202551865661915","0.7570813392285621","0.4347069029607139","0.579842796672641","0.48314194254329634","0.5913027916507612","-0.5"
"22","-0.15543261551328483","-0.25","-0.0733866404139982","0.3072508628703088","0.0","0.0","-0.05987873386512999","0.26129395285743184","-0.17553970784744022","0.14518959108684149","-0.27758683641507764","0.1184456727550721","-0.04172795608293715","0.2938364898723032","-0.15141476855151512","0.20543921380152227","-0.3567656456472639","-0.25"
"23","0.42297454090601","-0.25","0.18616654642121092","0.11592530185554206","0.0","0.0","0.2772700124619807","0.08359025743673726","0.45962584134473355","0.14111211761684342","0.5984347624104109","0.24960494861865787","0.08529936968919706","0.026825784628848895","0.4197316420710335","0.10521706264209177","0.6404844513305612","-0.25"
"24","0.4072788278399307","-0.5","0.1646417181304771","0.10969270430242284","0.0","0.0","0.26335174923276433","0.08281627992167807","0.44381640751516166","0.14009438429243484","0.5810024069280211","0.2489669670913239","0.05686610356043329","0.00736663246979394","0.4042054380793729","0.10535433955104445","0.6225324677755053","0.0"
"25","-0.15044256492957606","0.0","-0.05987464311061917","0.3139521538669017","0.0","0.0","-0.049885141852415674","0.2669483109110638","-0.17223828384164477","0.14494218211543317","-0.27114882988170386","0.12185909593992551","-0.02580968952679419","0.3040667860054999","-0.14645741380518457","0.20739484313203096","-0.35013465464892685","-0.5"
"26","0.38851203048840516","0.0","0.1411416219846205","0.1076999663811824","0.0","0.0","0.23015210139316838","0.07139510991069596","0.42964488583211385","0.13809889225095895","0.5653930462360347","0.24768224105864642","0.048853336194824015","0.010682035471450795","0.3855532580634056","0.09730755729486934","0.606461086338041","-0.75"
"27","-0.8961899741175589","-0.75","-0.8814743128677535","-0.8326991104635512","0.0","0.0","-0.8949970606600883","-0.8868285995836572","-0.8978681085325136","-0.8633015579518623","-0.8875793204286879","-0.8518356859987893","-0.8454595310310729","-0.8073244872759617","-0.8965449346806501","-0.8844151438917769","-0.8847485646977608","0.0"
"28","-0.8403220655265128","0.0","-0.8517186885387394","-0.7947266046496643","0.0","0.0","-0.8319695174096667","-0.820200762238303","-0.8457093919367805","-0.8715378621154996","-0.8514928191326477","-0.854668227599006","-0.8490763328192505","-0.8351606985512711","-0.8409757605877042","-0.8594766920722863","-0.8475658752931555","0.0"
"29","-0.13755294492950823","-0.25","-0.04803270630333641","0.31762547063139535","0.0","0.0","-0.028676665213596776","0.27684997472233935","-0.16222525866647128","0.14674459393006906","-0.26460689710283436","0.12159895217490133","-0.027452693056738028","0.2981031466226016","-0.1336547218075044","0.21221490047741493","-0.3433966221316351","0.0"
"3","-0.8059668188801875","-0.5","-0.8008691752121572","-0.7094409650075648","0.0","0.0","-0.794996822837502","-0.7196631900426271","-0.8097730793033057","-0.7641303839853992","-0.8065086066489788","-0.7805592840865773","-0.7688027771264221","-0.782889696239409","-0.8057197973579288","-0.7529814946186135","-0.8016103347336202","0.0"
"30","-0.8546357501569735","0.0","-0.8351573356221599","-0.7142784576564564","0.0","0.0","-0.824021062202862","-0.7482603619973432","-0.8639117302077113","-0.7982988848260146","-0.85428524869844","-0.7814121452283626","-0.8101652109243958","-0.7268941451209321","-0.8543040140285029","-0.7897646543411155","-0.8508147966335091","0.0"
"31","-0.7929901649910539","-0.5","-0.8063047755422666","-0.6214731911416301","0.0","0.0","-0.7809065760465046","-0.6559781405149137","-0.7981859598681832","-0.8028236208157199","-0.8005585101797175","-0.7311551213628561","-0.7861348956373355","-0.631000237583599","-0.7928166349655384","-0.7474513545556439","-0.7957317049580837","-0.25"
"32","0.40475759058055344","-0.25","0.14897140581616444","0.10220014444118859","0.0","0.0","0.24096151461702386","0.06564409880307379","0.44690396710436125","0.13763575403874312","0.5844199321479898","0.24744894743239507","0.05205957736803301","0.005318416275649557","0.40157560654996943","0.0927151127258464","0.6260593868613913","-0.25"
"33","-0.12529813862676256","0.0","-0.034385885546204996","0.3198539436725897","0.0","0.0","-0.02471304536379585","0.2737785301612012","-0.1475043157636188","0.153169383199323","-0.24817038003979455","0.12970227251267255","-0.0037732683528026675","0.30930738794973117","-0.12149498941406257","0.21562619820345205","-0.32646740714497136","0.0"
"34","0.42066368665034154","-0.25","0.17903108954074615","0.11397552593429736","0.0","0.0","0.2643498607868396","0.07516865951880813","0.46036002570389706","0.13998047451563278","0.5992525507310748","0.24889682665382243","0.08657839613991457","0.03006946626662138","0.4173780774914868","0.09892727500482659","0.6413299955737497","-0.25"
"35","-0.8390621177412732","-0.25","-0.8315238970901455","-0.7111982904803654","0.0","0.0","-0.8284892222495894","-0.7132439540510729","-0.8422087605980176","-0.7819659147175023","-0.8356086549134457","-0.7861790384281206","-0.7946006359521618","-0.7652018868570089","-0.8385618926356865","-0.7615196750839196","-0.8315541833292877","0.0"
"36","0.6004190700484127","0.0","0.736378446201818","0.3250270556047181","0.0","0.0","0.6343043313104084","0.42867186311088906","0.5889683170121536","0.531428081827393","0.5676599974162768","0.43664335004413746","0.7767236169953196","0.4238237988527701","0.5993997379915261","0.49836718689629483","0.6079385384276444","0.0"
"37","0.6151453795083633","-0.25","0.7502102289766928","0.34564567204077074","0.0","0.0","0.6397332194172172","0.44608232821100685","0.6064938879140176","0.5289887986900345","0.5846560602323898","0.45407239337030225","0.7959497899707106","0.4688075110451314","0.6140167925454343","0.5030858656927711","0.6253657633921212","0.0"
"38","-0.14682565804273723","-0.75","-0.06659301646188473","0.3082389827191755","0.0","0.0","-0.05210579450212605","0.26299913834927285","-0.16680133304250017","0.14836678536500153","-0.27030611033456947","0.12060849465049275","-0.03717652160455904","0.2934020607302166","-0.14287004225683722","0.20826178119157754","-0.3492666739001961","-0.25"
"39","-0.9921282980371884","-0.25","-0.9892005498370633","-1.0","0.0","0.0","-1.0","-0.991726878429236","-0.9902916644968456","-0.9236441927615398","-0.9886659826202341","-0.9660079680326896","-0.9813361929312286","-1.0","-0.9924505385910565","-0.9667178817827651","-0.9882789699389551","-0.25"
"4","-0.1466880044968064","-0.25","-0.05885605152017685","0.3132383894281591","0.0","0.0","-0.04705524152190586","0.2671886265357256","-0.16824396106300044","0.1466246295764971","-0.268727105204425","0.1221690890061643","-0.02721280541289856","0.30132521974526477","-0.14272990657773174","0.20863510020397644","-0.3476403368112169","-0.25"
"40","-0.13508996820120964","0.0","-0.0372531231187362","0.32326790497030217","0.0","0.0","-0.022167515501249464","0.28090648766546567","-0.1611112124660366","0.14587869188605965","-0.2600614997962733","0.12449292208460444","-0.01294541755533353","0.3081915178789679","-0.13120843580811478","0.2131286381600175","-0.3387149728559739","0.0"
"41","0.41130065759551354","-0.5","0.17973507895879304","0.12083373505389958","0.0","0.0","0.2628784905012239","0.0832688580361481","0.44910145613283553","0.14099832730960307","0.586838587860958","0.24948622549661892","0.08973926124450408","0.037810749750987305","0.4081803986294656","0.10499877042983818","0.6285412155929248","0.0"
"42","0.6181920586191589","0.0","0.7533245582833944","0.31812535475511217","0.0","0.0","0.6485163173917274","0.4384460242802862","0.6068624675779184","0.4770363810144388","0.5846337770683027","0.40057287243286005","0.794626051967824","0.4063186578977394","0.6166972058478684","0.4706099260284581","0.6255836004999449","0.0"
"43","-0.8057624250928879","-1.0","-0.8198246080174009","-0.7441677197910201","0.0","0.0","-0.7961975061365777","-0.7713966981380672","-0.8105473775026848","-0.8063040304034537","-0.8181475822446499","-0.8015390770942414","-0.8150508247333715","-0.7960990073908577","-0.8060712566951642","-0.7996285639207092","-0.8134917286262094","-0.25"
"44","0.5979043688026449","-0.25","0.7349509238589089","0.3277705757236366","0.0","0.0","0.634315353299423","0.4226208066342091","0.5852597309018768","0.5034826387342914","0.5640877773054834","0.42826697525424967","0.7732776243762185","0.4377182514608966","0.5967239885965852","0.4800661357602013","0.6042969195743098","-0.25"
"45","0.39166301685409427","-0.5","0.1594659577030334","0.11673141143275553","0.0","0.0","0.2553797444542582","0.09070636550999565","0.4265360936300932","0.14071468204199586","0.5619520207652786","0.24929421427006995","0.05570387477395982","0.014409111294277783","0.38881965642240307","0.11121900290614735","0.6029095325630724","-0.5"
"46","-0.8690768784005486","-0.5","-0.8725014304140813","-0.8299655324700569","0.0","0.0","-0.8965020175102741","-0.9123644315819677","-0.8612168593363387","-0.7799734369842098","-0.8567790798476028","-0.7877897936805955","-0.8254375815848468","-0.7716200869608438","-0.8692218924526197","-0.8427058197621776","-0.8533510379378264","0.0"
"47","0.36252359803284706","0.0","0.12828995312489394","0.11481081988573522","0.0","0.0","0.21796952542650277","0.08363478355450125","0.4005473029214394","0.13881018234112047","0.5333114496105772","0.24804500548011893","0.03651780488681211","0.01157843555706659","0.35994471365741454","0.10678715322906603","0.5734161567487338","-0.25"
"48","-0.953959088102998","0.0","-0.9644206200633019","-0.9750232942648834","0.0","0.0","-0.9766453072716136","-1.0","-0.950658166936852","-0.9808176250292713","-0.9521033086521434","-0.96910836583943","-0.9523297534794286","-0.9505458728940475","-0.955094876293205","-1.0","-0.9506042802244242","0.0"
"49","0.578935426618662","-0.25","0.7111525464728657","0.3251172465140434","0.0","0.0","0.6051267950719729","0.41387166696288813","0.5696454326446775","0.4891860228898012","0.550178827805095","0.4163052251187348","0.7615294561856619","0.4254553390108807","0.5778285588518582","0.4674726833990484","0.590024900798764","0.0"
"5","-0.8774954159197649","-0.25","-0.8848597849057935","-0.7260004758730051","0.0","0.0","-0.8703433573156379","-0.7176293012541578","-0.8771544532688075","-0.7311810354471324","-0.8770481751565493","-0.7515793051833225","-0.861498074777549","-0.7491605803965028","-0.8762678595959851","-0.7348186154231215","-0.8744110808610622","-0.5"
"50","0.38704237786144424","0.0","0.14942282017884437","0.11330804146252715","0.0","0.0","0.2433460709968405","0.08413734080078673","0.4241225337542137","0.13973015641238976","0.5592956009079294","0.24868151212409287","0.04960051247290118","0.011405351213409756","0.384199416861657","0.10663975368701488","0.6001762896242079","-0.5"
"51","-0.8728135538119198","-0.25","-0.8656911449477908","-0.7224067526997827","0.0","0.0","-0.8519573587942711","-0.7456331733537936","-0.8777564745464589","-0.7662506556595066","-0.8724470623631816","-0.761253049513954","-0.8432899256766241","-0.7223284902606474","-0.8720427900732857","-0.769179867014633","-0.8696231253497253","-0.25"
"52","0.5851731387368303","0.0","0.7206317111259611","0.3431755691321285","0.0","0.0","0.6195911687655132","0.41737213355416225","0.5734032518080465","0.5040447178001974","0.5524522590519586","0.44475656200594305","0.760450402392651","0.4750667364433779","0.5841099733595725","0.47821005253346616","0.5922384669282226","0.0"
"53","0.39935462409547706","-0.25","0.16304571778155522","0.11669896361545105","0.0","0.0","0.24876858388596665","0.08026884557641903","0.4380694626569841","0.1400113737995638","0.5746771971166259","0.24886383186353378","0.0719803084826095","0.027248197219497727","0.39634360872534663","0.10325923833333672","0.616018126880342","0.0"
"54","0.626871132593928","0.0","0.7674730510623635","0.3032312257700383","0.0","0.0","0.6553928438170438","0.4193924861983751","0.6157672284056251","0.49603786132826394","0.5964238446071033","0.4100464191826882","0.8165020715214042","0.40459416254755204","0.6253063079488841","0.47283965892836083","0.6376843569241311","0.0"
"55","-0.12475043355227383","-0.25","-0.03791732897119096","0.3186288594001758","0.0","0.0","-0.017903794182831084","0.2785165792371152","-0.1489742604835534","0.15160633712352398","-0.25334930491948227","0.12498701605414855","-0.01970583047722242","0.29787995702191666","-0.1209468770997482","0.21621849170560808","-0.33180157449634823","0.0"
"56","-0.1381935542688593","-0.5","-0.051574766490803156","0.31541491874904215","0.0","0.0","-0.03271015994078354","0.273976442573061","-0.1617622576410363","0.14771248485398755","-0.264903027314263","0.12153784428389738","-0.029853798918679755","0.2962463241115106","-0.1342924361888881","0.21184072119670525","-0.3437016290862163","-0.5"
"57","-0.11619247431189882","-0.25","-0.03204015528864748","0.3188031447533329","0.0","0.0","-0.009750365456295805","0.28020382540436295","-0.1404257062935365","0.1544924282452675","-0.2468372428272632","0.12621669590566773","-0.017584494279238874","0.29542389785406453","-0.11245284420276243","0.21883474118484744","-0.32509430806375467","-0.25"
"58","0.5729448148708574","0.0","0.7052324271797167","0.3398179315758821","0.0","0.0","0.6018945517547605","0.4310508863339618","0.5633149692855218","0.4933501762573728","0.5433283135743058","0.4234521151186201","0.7520153969820373","0.4371328145331646","0.5720074858682975","0.477716126505847","0.5829368475909814","-0.5"
"59","0.42941337252882034","-0.75","0.17314996535558674","0.10160469267256712","0.0","0.0","0.27086526316526727","0.06932072451877806","0.4693669341969727","0.13882089929895558","0.6091762687996628","0.2482447269987195","0.06591100215886053","0.004974243103045447","0.42599080605775513","0.09489338678197312","0.6515541708951872","-0.25"
"6","-0.781408875658516","0.0","-0.7854736647795628","-0.605804218960914","0.0","0.0","-0.763269233493573","-0.6365763127617997","-0.7855071826032224","-0.6820418115681247","-0.7860184795977339","-0.6705544341396822","-0.76008114295639","-0.6328231927427723","-0.7804435384042194","-0.669673681064068","-0.7810605677549196","-0.75"
"60","-0.9451861891066569","-0.75","-0.9400798273929946","-0.9337300180327768","0.0","0.0","-0.9299880908322282","-0.9398055702266136","-0.9497111582807078","-0.8656609625561682","-0.9510431944699161","-0.9120763803552044","-0.9466073858712499","-0.9542459316648746","-0.9453558821052804","-0.9125877347685514","-0.9498062641914716","-0.25"
"61","-0.12942011737310088","-0.25","-0.03633073017458272","0.32076310293189575","0.0","0.0","-0.02477100448349398","0.2759231152651166","-0.15286518253104256","0.15052758480513434","-0.2529535081107825","0.12771084414095007","-0.007771281417637995","0.30864912712717807","-0.12558394471119777","0.21457730481376536","-0.3313939133574453","0.0"
"62","-0.13790114510212054","0.0","-0.04459283446217304","0.31951721149137735","0.0","0.0","-0.029940634083280328","0.27623216203878354","-0.16227534486109185","0.14674376882205228","-0.26234685312455513","0.12376157025738034","-0.018639817548562195","0.304735449621972","-0.13400116875479876","0.21202847904644392","-0.3410688315029476","-0.25"
"63","-0.1420591421932184","-0.25","-0.05602353525673492","0.3145656758430638","0.0","0.0","-0.03360432635424278","0.27514453279164697","-0.16652275871884228","0.14552775918076366","-0.27036871092359965","0.11866642711283942","-0.03808200013191696","0.292068610205309","-0.13812858565623035","0.21071297154861232","-0.3493311509926312","0.0"
"64","0.6015212814194666","0.0","0.7347644044564595","0.32976606699578054","0.0","0.0","0.63081532700529","0.4085443536865898","0.5908421944270097","0.5107512113666229","0.5688239982824937","0.4421721725884162","0.7767382805449901","0.4622317436283934","0.6002738153696828","0.47730784374767754","0.6091125760634798","-0.5"
"65","0.4171120455309893","-0.25","0.1673248879750347","0.1067095288954165","0.0","0.0","0.260367404054321","0.0724347819470691","0.456963224003742","0.13912075256837456","0.5955041252488102","0.24838612461132795","0.0666489267208345","0.012568804014158243","0.4138474920693347","0.0973456975656998","0.6374715463266848","0.0"
"66","-0.9724640700234891","-0.25","-0.9813226902222093","-0.9597626520775917","0.0","0.0","-0.9865567827200611","-0.9622052190194312","-0.9667970736645809","-0.8315942933267427","-0.9698033508351588","-0.8895695148442109","-0.9730267958205963","-0.9421177646579754","-0.972178630436052","-0.8990567072488777","-0.9692442746606069","-0.5"
"67","0.6267934323298967","0.0","0.7583941329911447","0.31543275249583214","0.0","0.0","0.6522769361708479","0.41414075914860826","0.6163622881295006","0.4818260906264581","0.5925836015942599","0.41490335355325236","0.8000365682328318","0.4354652699450988","0.6251187031421324","0.46208405015089987","0.6337071086054256","-0.25"
"68","0.6288834282539959","-0.25","0.7594659747675794","0.2893960642089137","0.0","0.0","0.6587542281427109","0.3893345788646408","0.6164677198698857","0.4740933198933105","0.5919663667523858","0.39483867306021087","0.7968959136219226","0.3981402969281147","0.6270348605844032","0.4473933869793003","0.6331618719421959","-0.25"
"69","-0.8694468411846055","-0.25","-0.8719739857093998","-0.722739034400288","0.0","0.0","-0.8650514515942486","-0.7207177181087858","-0.8703388427537972","-0.7990599431789678","-0.8663159618217169","-0.7872558093647019","-0.8396919764564004","-0.7469763708188059","-0.8687782141515099","-0.7747511611193099","-0.8631765046028471","-0.25"
"7","0.6148373523789396","0.0","0.7514742882253462","0.33505240939979136","0.0","0.0","0.64669549966099","0.427658080920286","0.6027831533489924","0.46664544193410634","0.5805801588148005","0.4200588790684113","0.7906553676338303","0.46437212622627105","0.6132717492967876","0.4602520256150941","0.6213206273245804","0.0"
"70","-0.8787111183437741","0.0","-0.865842138312302","-0.8041062661283429","0.0","0.0","-0.8640849800239733","-0.8507638627528249","-0.8842359841226388","-0.8459216149028643","-0.8774126916088556","-0.8365338413811526","-0.843458820749708","-0.7997854174762342","-0.8789615609702984","-0.860122257453617","-0.8743552583428427","-0.25"
"71","0.6181978786172718","-0.75","0.7570304016270064","0.3000882521199047","0.0","0.0","0.6434309088749636","0.4000738803308448","0.6081450662632094","0.5080153107740566","0.5894854792606589","0.42041239427855015","0.8101705856307402","0.41373278941650854","0.6167090995554435","0.4712061321374953","0.6304912998085096","-0.5"
"72","-0.8800676006532396","-0.25","-0.8929736370723871","-0.8753446255804758","0.0","0.0","-0.9038063730164617","-0.9169511974826527","-0.8756843863062003","-0.8841599329380798","-0.8774736268077744","-0.8808602446837732","-0.8665375690643838","-0.8714623678488115","-0.8808511772129439","-0.9056819147644185","-0.8741915163215157","-0.5"
"73","0.41317333240276977","-0.5","0.16921857968151174","0.11316123840425935","0.0","0.0","0.2489517307643278","0.06894985068346195","0.45529995425023945","0.13891724164219144","0.5936822606807828","0.2482154675127754","0.0851846796800708","0.03314042362279251","0.4099190038903244","0.09436909846409235","0.635595851296721","0.0"
"74","0.6041627312545862","0.0","0.7402319939513825","0.3302565515255657","0.0","0.0","0.6352867848020537","0.4152050764160432","0.5931578348206512","0.5258354256327523","0.5719125788891772","0.44877142696009165","0.7823880952187463","0.45921758972783233","0.6030067392400023","0.4889593672002785","0.6122640892848196","-0.25"
"75","-0.1182666237310451","-0.25","-0.03138375251106636","0.3197522510193098","0.0","0.0","-0.013420053980087745","0.2786627780142733","-0.14195269983738504","0.15428618506600295","-0.24634270416056847","0.12782451977094697","-0.011600330778852311","0.300766453011028","-0.11451203376287616","0.21815016779114152","-0.3245849451996161","0.0"
"76","-0.1257971027676579","-0.25","-0.03866489240920711","0.3174912036164111","0.0","0.0","-0.026828502231127944","0.2722662793370353","-0.1474747055780804","0.1536618603140258","-0.24979629088557978","0.12845116959233213","-0.010113802787143536","0.30468927944496965","-0.12199114914302008","0.21538654388994463","-0.32814205598644297","0.0"
"77","0.3911092725179632","-0.25","0.16764996353023084","0.12636299560061462","0.0","0.0","0.24615839616094407","0.0875207745266711","0.4285491726086976","0.14105294801018928","0.5641839140100176","0.24945410572314106","0.08494162613602016","0.043905328144295805","0.38824190265379105","0.10842484167223469","0.6052075965813084","0.0"
"78","-0.8925695123116962","-0.25","-0.8903005271732687","-0.7363046305515463","0.0","0.0","-0.8972007744611004","-0.7530546584759542","-0.8926871640232545","-0.890300639521035","-0.8820494221352145","-0.8263457965244645","-0.8436063759642777","-0.71643174835615","-0.8924428045005072","-0.8410162207456253","-0.8791828942166012","-0.5"
"79","-0.8502787938661867","-0.75","-0.8301994054523242","-0.6931023481607286","0.0","0.0","-0.8175454596709646","-0.7473311830759181","-0.8608338080537185","-0.8172878798831555","-0.8500523484524583","-0.7699641280851676","-0.8049988267598379","-0.6765132407672612","-0.8501218546867392","-0.8005375256507054","-0.8465130182721816","0.0"
"8","-0.900884713785578","-0.25","-0.8989417578054559","-0.8200605641912444","0.0","0.0","-0.8745762916046356","-0.8266830534731266","-0.9083573906375146","-0.8194585689034533","-0.9100794403051095","-0.8395338244022098","-0.9037022206903438","-0.8471336563103039","-0.9006209235758108","-0.8369971037036851","-0.9079859219279873","0.0"
"80","0.5979572395121118","-0.25","0.7262027567958208","0.3312622074855936","0.0","0.0","0.6189527306684608","0.42011905505610064","0.5902964187221814","0.5204502719398236","0.5678964969434918","0.43986825067298313","0.7742877521449559","0.44525818096276","0.5968477700519609","0.4870208612219708","0.6081676279206445","-0.75"
"81","0.422655443236808","-0.25","0.17633895089770282","0.11058948549397452","0.0","0.0","0.26318768080001226","0.07170197546289925","0.4631500551574167","0.13942681787975017","0.6023291549549324","0.24856887129017552","0.08237953868584555","0.02508160018660486","0.4193212089701926","0.09638265722709173","0.6445003250841361","-0.75"
"82","0.3979645706327325","0.0","0.1584019155648986","0.11182369824765505","0.0","0.0","0.2553206251997925","0.08446561610899425","0.4344231418859682","0.14006424464744277","0.5706481912823685","0.24892025057256703","0.0536428898338383","0.009298890408344748","0.3950053149752671","0.10669925668804088","0.6118680900145059","-0.25"
"83","0.6074262141680504","0.0","0.7542769868735133","0.3292521180434085","0.0","0.0","0.6449581664996001","0.428316092485756","0.5942214445683887","0.4989587143822681","0.5768880654451211","0.4322692710357425","0.7993852393736723","0.45126369147596457","0.606141460554145","0.4798294945628671","0.617462898478087","0.0"
"84","-0.1280944668288089","-0.5","-0.03946259222771473","0.3190884211965113","0.0","0.0","-0.01998929821031933","0.27869613368596674","-0.1526697720429175","0.15008329102521764","-0.25609139474607573","0.1243355313039253","-0.020334226663354976","0.2990735848001643","-0.12426561747871846","0.2152260142687519","-0.3346258606884351","-0.25"
"85","-0.15882935466089795","0.0","-0.07246440282726312","0.31084738784665156","0.0","0.0","-0.04960241370282224","0.27112528641799977","-0.1832777517974407","0.13969536124316323","-0.2858343729184983","0.11325353790642399","-0.05260119342214281","0.28861136622024314","-0.1547782965356298","0.20514165737425258","-0.36526040874343896","0.0"
"86","-0.12462523642490093","-0.25","-0.04005021595787153","0.3163409618172367","0.0","0.0","-0.025785595313227085","0.27237003318374736","-0.14627932757111994","0.15417547239990517","-0.25005879769905454","0.12758441839715176","-0.014329314851456684","0.3010188033920167","-0.12082784957860206","0.21576236298809773","-0.32841243165445894","-0.25"
"87","0.38478149474786005","-0.25","0.14277654334344378","0.1121247027867099","0.0","0.0","0.22720029967653174","0.07336850488594394","0.42584114450474436","0.13844940277395418","0.5612021465537663","0.24787318393764599","0.056049296288821986","0.019755324782203716","0.3818773640743094","0.09867797856560889","0.6021436867061828","-0.25"
"88","0.6266415054141138","0.0","0.766685924082365","0.3337271143062456","0.0","0.0","0.6578667183010821","0.4404599205670877","0.6154150168878173","0.5217956652907126","0.5939930349444387","0.4452082352909353","0.8081393899221873","0.4569614982101745","0.6253274340038736","0.4970025302923867","0.6350224318156282","-0.25"
"89","-0.9037803552487907","-0.5","-0.9214467186259763","-0.8463508088055701","0.0","0.0","-0.9205663239026758","-0.8654390351768002","-0.8974412368498779","-0.7728977451263194","-0.9020712843939827","-0.8079305641597015","-0.9020358944538384","-0.8346335539723112","-0.9032894227823668","-0.8205744987934688","-0.8998986307839328","-0.5"
"9","0.43225526379033297","-0.25","0.19178232858126767","0.11458880370832772","0.0","0.0","0.27884723599509176","0.07745937398400649","0.47080364629487953","0.14064550861622707","0.6107629151204086","0.24933335005836813","0.09546117146231944","0.032002457642565915","0.42886075547029745","0.10034426660676268","0.6531833938686248","0.0"
"90","0.4284100541324437","0.0","0.17673490274506345","0.10465206978892477","0.0","0.0","0.2743779332955929","0.07366767985826662","0.4671501758110225","0.1394906094310441","0.6067301362797943","0.24864973586748956","0.06903241965260672","0.00830810667557513","0.4250328119488787","0.09811624074551366","0.6490328591399295","0.0"
"91","-0.1326873847785027","-0.5","-0.047661866030345564","0.31532219453161137","0.0","0.0","-0.030424043516577154","0.2729109782130509","-0.1553090947344416","0.1505480435705041","-0.25900619868453495","0.1238760748365869","-0.024503650107551584","0.2974425459812788","-0.12882834903553855","0.2134331775825591","-0.3376280382379057","-0.25"
"92","0.6126369332935134","-0.25","0.75477478475054","0.3248644760932226","0.0","0.0","0.641678450774112","0.4380719511835749","0.6021237110127258","0.4984858480054784","0.5840055871704679","0.42181665300670124","0.8054190009982093","0.4280173898571277","0.6113262194855965","0.48273080548672925","0.6248408195425532","-0.25"
"93","-0.9783747241824076","-0.25","-0.990230274057951","-0.974732149294352","0.0","0.0","-0.9959905242443134","-0.9655352488684743","-0.9720210023020678","-0.8501611753179352","-0.9762065915564945","-0.909405572822762","-0.9833613091178574","-0.9672343854553032","-0.978169107671369","-0.9109300813545899","-0.9757376747371929","-0.5"
"94","0.5818481305416441","0.0","0.7107899812793247","0.3324683331558949","0.0","0.0","0.6056161393938861","0.4172603286626848","0.5736836556111554","0.519060015360083","0.5524847944768484","0.43757682312430807","0.7593038014616161","0.440186246669151","0.5808976926841651","0.48571354578718423","0.5923042490810917","-0.5"
"95","-0.8284472282242188","-0.5","-0.8369901061871798","-0.7261170152952536","0.0","0.0","-0.8118456886050486","-0.6973936120256824","-0.8347834798229044","-0.8247834453376252","-0.8388477741955526","-0.8282495003792097","-0.8280784022969151","-0.828428367735192","-0.8282791813425564","-0.7799438258197584","-0.834676545172997","0.0"
"96","0.617290854794654","-0.5","0.7523884917967844","0.31527840339876595","0.0","0.0","0.6409265001087858","0.40436098784353564","0.6077200586728855","0.4986022052179366","0.5869993187110114","0.4282632856861087","0.8018766019115628","0.4445018007669529","0.6157736875324639","0.4675049017623583","0.6278952696115802","-0.5"
"97","0.6219771036862458","0.0","0.7565196644096123","0.3051693906305382","0.0","0.0","0.6465777660958785","0.41559295403498353","0.6125654805313564","0.5283903826243651","0.591331354734236","0.42678941897397626","0.8048420490714053","0.40553379676454376","0.6206349440373776","0.4894025644883597","0.632363795299124","0.0"
"98","0.3820909117745137","-0.25","0.1572286675742127","0.12511318193234502","0.0","0.0","0.23471374029919828","0.08518826530723014","0.4204604508321181","0.14039823550676286","0.5552693442174669","0.24903007202390648","0.0771936655646365","0.04132342018520602","0.37930458488156193","0.1069778722471645","0.5960277467233935","0.0"
"99","0.6032820455505205","0.0","0.7272451263301045","0.33369602790932806","0.0","0.0","0.617886918732534","0.4362821974337598","0.5972509190952838","0.4784457526814588","0.5736157994956457","0.41207230596120487","0.7778919555760914","0.4318058620295303","0.6019306686258368","0.46904090164763895","0.6141834899677421","-0.25"
