"","AMHE_ANG","AMHE_VOLT","BOWM_ANG","BOWM_VOLT","CLAR_ANG","CLAR_VOLT","CROSS_ANG","CROSS_VOLT","GRAN_ANG","GRAN_VOLT","MAPL_ANG","MAPL_VOLT","TROY_ANG","TROY_VOLT","WAUT_ANG","WAUT_VOLT","WINL_ANG","WINL_VOLT","cluster","dist"
"1","24.649767472328772","1.0","4.378526782815695","0.9913312404834795","0.0","1.0","8.018006486467721","0.983570546088393","16.972619793190034","1.0107052222633086","16.58691232917389","1.0147725924541648","7.692523461985841","0.997270370923449","18.860881263180516","1.010030246863183","19.400399843744733","1.0","0","0.11467256663572079"
"10","24.167058715375838","0.9999999999999999","4.03637363609404","0.9895318529885095","0.0","1.0","7.4964006627704025","0.9804021643771061","16.496590547349346","1.0114267584063157","16.058003576131345","1.0139320545100894","7.058707378983188","0.9913913465419261","18.376619037053487","1.0097601969920822","18.873825318088596","0.9999999999999998","1","0.07540974311392343"
"100","1.660738822130358","0.9999999999999999","-5.279976248600143","0.9898359267060134","0.0","1.0","-9.106433141471392","0.9617811122297603","-8.80531994671417","0.9825499656066875","-9.291202534561291","0.9996845896750258","-9.651458324875037","0.9783985287620514","-4.213592233963897","0.9953892876643086","-9.291202534561291","0.9999999999999999","2","1.5780812022029427"
"101","17.656935641347566","0.9999999999999998","-3.085668356062785","0.9719330081173965","0.0","1.0","-2.537675609930631","0.9339734838228635","11.068835931017567","0.9818534262772862","15.918626918248076","1.0056607237603972","-8.426941868642373","0.943508528686261","11.745908669311921","0.9892316023001796","18.75762704837588","0.9999999999999996","3","0.7879066345530912"
"102","2.2635255852524114","0.9999999999999999","-5.04098854161007","0.9902948202191059","0.0","1.0","-8.446958057372502","0.9632269630443","-8.22159332788087","0.9829064830843579","-8.852160361272931","0.9998307527221364","-9.464724611920774","0.9782199371526467","-3.6085842312238015","0.9957644930226706","-8.852160361272931","1.0","2","1.6341124890503687"
"103","18.37065097451022","1.0","-2.8917068591521695","0.9716490465051454","0.0","1.0","-2.1430535633855783","0.9330657855746035","11.90755804371061","0.9818416357384507","16.7571445974742","1.005659311504063","-8.113506900983085","0.943798410404547","12.457815187383346","0.9889300577593674","19.5961487177012","0.9999999999999998","3","0.3141220827415053"
"104","2.1833840276999568","1.0","-5.123419366152757","0.9899360106365731","0.0","1.0","-8.755886898107356","0.9620697084384817","-8.202562067291133","0.9830964033275512","-8.831333419751125","0.9999078900275007","-9.442685618387031","0.9783290042420206","-3.689182520641477","0.9956873199778818","-8.831333419751124","0.9999999999999999","2","1.6331383080307575"
"105","-19.209281912416035","0.9999999999999998","-14.594744102902656","0.9055254798860651","0.0","1.0","-28.63815774433268","0.8278111672534383","-31.093096173423834","0.9152471301561951","-26.36716557451056","0.9596632930146672","-25.967535573280728","0.8609447223237258","-25.393060367319812","0.9457574958590744","-23.391970263938727","0.9999999999999999","2","1.4027254086458076"
"106","1.686341506041614","0.9999999999999997","-5.375994178700969","0.9894454825628953","0.0","1.0","-9.074832794040397","0.9618107154873989","-8.781879226739237","0.982596905376301","-9.423683333264034","0.9994809830204747","-10.042282792611346","0.9767732565483468","-4.187858585381292","0.9954114019511477","-9.423683333264032","0.9999999999999998","2","1.656873579793641"
"107","24.470222931857045","1.0","4.204627763329624","0.9928116685083564","0.0","1.0","7.85786127688207","0.9858868845957081","16.810576648687963","1.0136149938979107","16.304075474357443","1.0158609015267106","7.194717568439527","0.9986106661175354","18.690110946146724","1.0115582584345533","19.114546430807415","0.9999999999999998","1","0.2679894105972721"
"108","19.15264771304583","0.9999999999999998","-2.592888053309562","0.9716849159613745","0.0","1.0","-1.4874852305329431","0.9331648813997407","12.742149879377715","0.9819156925845736","17.591390484716264","1.0056891285865812","-7.68656921210236","0.9444599663032355","13.239730793614836","0.988916536659412","20.430310364037254","1.0","3","0.39879488894019716"
"109","1.053540683556638","0.9999999999999998","-5.681300193094463","0.9887111926511226","0.0","1.0","-9.734723832116252","0.9603425228589278","-9.408998353795164","0.982193693308024","-9.983769040423857","0.9991807275687627","-10.476629885827844","0.9759642733506326","-4.823050898456689","0.9950077379028035","-9.983769040423855","0.9999999999999999","2","1.5286730979487118"
"11","1.7396441438545855","0.9999999999999999","-5.461312429412379","0.9888853744859353","0.0","1.0","-9.36902316150285","0.9603464618621855","-8.576808801487097","0.9829964705803298","-9.295412943868042","0.9995858976690452","-10.04772029156884","0.9764832471521961","-4.134711893285873","0.9953850695547664","-9.295412943868042","0.9999999999999999","2","1.5578834742414056"
"110","-22.860362921750653","0.9999999999999999","-15.993519685342347","0.8891128572277087","0.0","1.0","-31.28943488140514","0.7966418620935007","-35.337948251318274","0.900913861015253","-30.297255446179904","0.9527864796519584","-29.327262608821915","0.8484271374157023","-29.119107920489306","0.9344736060688041","-27.300566891693173","1.0","2","1.949362869730106"
"111","-22.232041244360413","0.9999999999999999","-15.918406096514321","0.8844593522585588","0.0","1.0","-31.81154969257321","0.7892900905404434","-34.31058274142034","0.8967188233882898","-29.43174282722121","0.9501199979768779","-28.715494832440676","0.8396961259665442","-28.507844615605848","0.9319437215081047","-26.426636451809507","1.0","2","2.0241705740384406"
"112","-19.355161231349886","0.9999999999999999","-14.545587082531963","0.8991494540217063","0.0","1.0","-28.267460782044182","0.8179087175844797","-31.647076640605707","0.8983321365199757","-26.873112488357354","0.9520878656226305","-26.405152748049634","0.8473975409741178","-25.595140338945836","0.9372727387888691","-23.874223042642093","0.9999999999999998","2","1.6650252563821666"
"113","18.73666049430107","0.9999999999999999","-2.889127887489841","0.9709594715847258","0.0","1.0","-2.0760092248373008","0.9317175122404401","12.38673137527027","0.9817319153090165","17.236279448273546","1.0056214210919237","-8.171440154504737","0.9427746549955668","12.821361863869079","0.988519778291676","20.075390625849913","1.0","3","0.2782580546025398"
"114","1.6164035275887128","1.0","-5.389449968519627","0.9894437833760006","0.0","1.0","-9.158641451867563","0.9616168215659264","-8.846450303582921","0.9825590298468103","-9.449703541011447","0.9994995237813465","-10.003107122038172","0.9770399633048262","-4.258063839391303","0.995366271681418","-9.449703541011443","1.0","2","1.600807424771571"
"115","24.62699585019831","0.9999999999999999","4.235828763215218","0.9929666599835693","0.0","1.0","7.750111238984508","0.987369526737331","17.094505318516944","1.0151717136569147","16.57014716749189","1.0162170306578588","7.424437376989269","0.9979769690250367","18.851429360904497","1.012351675268529","19.379632415528924","0.9999999999999999","1","0.21215072793049122"
"116","1.9964567370255724","0.9999999999999999","-5.2412728933455766","0.989534530684762","0.0","1.0","-9.11497447858935","0.9609127440504435","-8.316452211135434","0.9831428178474357","-8.924399954822729","0.9999075803816835","-9.499509596654077","0.9783010811897809","-3.8769824078196127","0.9955399125686892","-8.924399954822727","1.0","2","1.6094221331089036"
"117","18.176214848367266","0.9999999999999998","-2.688189484727163","0.9730290780552453","0.0","1.0","-1.7816099026932686","0.9359791143673982","11.503992384259048","0.982090773241892","16.35344402877634","1.0057477442251523","-7.741358438248804","0.9460733214260569","12.268383140838194","0.9897647315046386","19.192198318462907","0.9999999999999998","3","0.3690343459496561"
"118","-22.481065079867957","0.9999999999999999","-15.708875835241903","0.8827852877136512","0.0","1.0","-30.626906171473234","0.7924258979264742","-35.2189158687373","0.8886553366059506","-30.193566608135765","0.9452201360617334","-29.155013141542643","0.8267307742759862","-28.777909299271936","0.9288421247639571","-27.17286785585951","1.0","2","2.1472721266934918"
"119","19.261388327543894","0.9999999999999999","-2.5914169946398307","0.971329192419549","0.0","1.0","-1.2832885991259757","0.9334388037205444","12.813617245301074","0.9819246034426832","17.662622354371948","1.0056937578225915","-7.9016945268016245","0.9430168527996846","13.349036340106144","0.9890106930893542","20.501529155362352","1.0","3","0.2811276294604206"
"12","2.267526983768297","0.9999999999999999","-5.043823686389851","0.9902619734160774","0.0","1.0","-8.48518309225208","0.9630551502056097","-8.199082463541021","0.9829538381198751","-8.826490521713232","0.9998611842425885","-9.434600724691219","0.978316397714034","-3.604594535984561","0.995762515393932","-8.826490521713232","1.0","2","1.6345983406657643"
"120","24.427576700145963","1.0","4.179196511326751","0.9923394509226967","0.0","1.0","7.557721411438249","0.9871460432942294","16.871533981329087","1.0114651488788684","16.434721668200947","1.014691925227235","7.446384041170073","0.9955981511043084","18.643564773204712","1.0108785189845737","19.24843303283424","0.9999999999999999","0","0.21707853390593937"
"121","2.5436016600760505","1.0","-5.0417309171722335","0.989954859461326","0.0","1.0","-8.3660390907469","0.9628632687650511","-7.851879831260727","0.9833181937253583","-8.651795541042736","0.9998645638607524","-9.55408017868055","0.9772927849998552","-3.3276817620973387","0.9959041577399096","-8.651795541042736","1.0","2","1.6630686483396082"
"122","-21.234761856647637","0.9999999999999998","-15.451415250157352","0.8935596216674565","0.0","1.0","-30.237854437768455","0.8021914969333384","-33.42412682343994","0.9057645575872234","-28.6394349989884","0.9553350523459541","-28.140322613737737","0.853067982447191","-27.4730883527749","0.9375200518487891","-25.650748058437067","1.0","2","1.779332252777103"
"123","24.383160866066877","0.9999999999999998","4.030524438150434","0.9896547876392368","0.0","1.0","7.306330228455765","0.9793924145154845","16.869668934015735","1.0094525570480892","16.356327677230393","1.0136106386271493","7.234341385223535","0.9931018209726926","18.586750650876272","1.0087236484396969","19.17304303602084","1.0","0","0.41638413042750705"
"124","25.347773841759164","0.9999999999999998","4.457557845238925","0.9882309179375415","0.0","1.0","8.32537138684136","0.9800304243358898","17.81552790840055","1.009720430093259","17.14384494429354","1.0131368865969783","7.737946253690157","0.9902839106474568","19.55266972732716","1.008950218564603","19.961878487670766","0.9999999999999998","1","0.2716026939084974"
"125","24.40747548974795","1.0","4.217946946260175","0.9921597071817421","0.0","1.0","7.712437792442237","0.9855488052508675","16.777166922094025","1.0128069320004451","16.365258033536797","1.0153377174001583","7.419656259016558","0.9968876706330231","18.62512598075226","1.0111681574632299","19.177178335480537","0.9999999999999999","0","0.2189952859524647"
"126","1.3225363254446154","0.9999999999999999","-5.492394951846005","0.9893644114169879","0.0","1.0","-9.251116118025411","0.9618817742269445","-9.231164738785164","0.9821444209085246","-9.800445422142285","0.9992469594350621","-10.287375784890699","0.9764318432531363","-4.552880393343487","0.9952060040681033","-9.800445422142289","0.9999999999999998","2","1.5630819849027136"
"127","23.972952266573728","1.0","4.039320210661512","0.9927817838960021","0.0","1.0","7.181248417575515","0.9869921741155453","16.39858252168365","1.014408307242305","16.093358902384182","1.015779795028632","7.329915897418255","0.9964562789143353","18.19544221561781","1.0120122733507262","18.904054445380936","0.9999999999999997","1","0.40722297695222676"
"128","2.222725124924226","0.9999999999999998","-5.164720325093793","0.989789820466143","0.0","1.0","-8.612169549442816","0.962562396478423","-8.208299063141174","0.9830324139003754","-8.950632744006832","0.9997116143384885","-9.74918104101224","0.9770650853876184","-3.649613760370779","0.9957257862318367","-8.950632744006832","0.9999999999999999","2","1.617581792890674"
"129","25.202917719857144","1.0","4.429671856110997","0.989720434352049","0.0","1.0","8.217793744161916","0.9849176608198135","17.67721847962854","1.0097982530743959","17.049677061496848","1.0131646244116244","7.720790641344828","0.990217246810205","19.41284165718419","1.0098233937052286","19.867633392170223","1.0","0","0.12688921390579647"
"13","-22.978877863817793","0.9999999999999998","-16.118175839508982","0.8843480579143448","0.0","1.0","-32.27637941449312","0.7953969019459525","-35.06469605698148","0.905348273271867","-30.04938277618639","0.9517281057052688","-28.958984683326207","0.8349328500751302","-29.22546691326031","0.9362848729801101","-27.04935869229974","0.9999999999999996","2","2.1413822967656846"
"130","-19.679395257305003","0.9999999999999998","-14.815601104038906","0.8983437701368038","0.0","1.0","-29.265847303798697","0.809155887888964","-31.618906835034704","0.9065564997532509","-26.88311120177949","0.9563714984724252","-26.503447695538824","0.8572589056623476","-25.906493057453797","0.9392039074846144","-23.89766611958459","1.0","2","1.6188741564191789"
"131","-21.16826500903364","0.9999999999999999","-15.6076838038831","0.8962900078981173","0.0","1.0","-30.77408769395607","0.8138744137838038","-33.18382609790292","0.8982693575094106","-28.42040506151373","0.9529653332960558","-28.01531068026064","0.8523470242595339","-27.41156325072143","0.9367764271963578","-25.424279442268517","0.9999999999999998","2","1.783420108144486"
"132","1.0137990238151706","1.0","-5.713771362572108","0.9885985814594875","0.0","1.0","-9.79533387075266","0.9601559824840884","-9.440034510077432","0.9821900264321808","-10.024671754921389","0.999151167052819","-10.533189184709501","0.9757800726819172","-4.862964989093302","0.9949786456986426","-10.024671754921386","0.9999999999999999","2","1.5318511900811962"
"133","24.244198357888905","0.9999999999999998","4.111885495018828","0.9927468179548619","0.0","1.0","7.371950976567299","0.9855259021152377","16.698764326346943","1.0146337702972064","16.302423466800175","1.0161697162389665","7.382557253604136","0.998408931181098","18.465642771713824","1.011829787354231","19.1120396337265","0.9999999999999999","1","0.3256932615999221"
"134","-19.38774209155954","1.0","-14.720563593787995","0.904010534953117","0.0","1.0","-28.423511336213064","0.8211041951610426","-31.59918922897577","0.9006773632887045","-26.929156988319257","0.9557048452355543","-26.764876637172144","0.8631014952626924","-25.617661500914497","0.9387802067347398","-23.941627516072675","1.0","2","1.5803388068244206"
"135","24.857573213623784","0.9999999999999999","4.308599288903885","0.9927599569970433","0.0","1.0","7.950351011488136","0.9878162057451405","17.328502240898462","1.0129948385637373","16.73794809220703","1.015398338098962","7.480613061562251","0.9972296937941854","19.07756578613964","1.0115764950364725","19.549700383683497","1.0","0","0.18170686728316876"
"136","18.948652162331513","1.0","-2.5781203273830373","0.9720340833001107","0.0","1.0","-1.353918637513826","0.9346002085276669","12.409313455931665","0.9820185587588084","17.258405502665802","1.0057259113592092","-7.779662924700517","0.9442953842684477","13.038354688818904","0.9893532681029855","20.09722146810975","1.0","3","0.34658897722831583"
"137","-18.601166379386424","1.0","-14.536087214282505","0.902677944706616","0.0","1.0","-28.162652800862958","0.8195971346670028","-30.54706018655213","0.9055346041080413","-26.138200978376023","0.9565458813624402","-26.371430429847162","0.8582883506751972","-24.81906391436795","0.9405881215228786","-23.153300650060412","1.0","2","1.529891389441293"
"138","1.5897630364579156","0.9999999999999999","-5.480017656184135","0.9890124344578728","0.0","1.0","-9.366740012384403","0.9607288541388416","-8.79424752609411","0.9827391778551732","-9.46011161696405","0.999488438627857","-10.119275031638004","0.9765106907354251","-4.284971549587719","0.9953211550628724","-9.46011161696405","0.9999999999999997","2","1.636904838863689"
"139","-18.979579713439673","1.0","-14.656061329053545","0.9073902621825957","0.0","1.0","-28.56106995716026","0.8287548506455088","-30.80957417807009","0.91437365925646","-26.256507956708727","0.9606453608847311","-26.230355987171844","0.8669959718482335","-25.164239726304622","0.9456232119888541","-23.284356921164054","1.0","2","1.399084557206607"
"14","1.9350431291830827","0.9999999999999997","-5.311277771593307","0.9893536037244752","0.0","1.0","-9.113393041126537","0.9610515983495578","-8.405696209410712","0.9830571474277336","-9.079448931477309","0.9997455125563853","-9.761171908707627","0.9773786677762576","-3.9385230360517314","0.9955184587188739","-9.079448931477309","0.9999999999999998","2","1.6736270707309135"
"140","2.4733470558273183","1.0","-5.074398800078905","0.9898654654856083","0.0","1.0","-8.495861739640361","0.9624758931147159","-7.896789786111972","0.9833343972107845","-8.67370360801331","0.9998887676014572","-9.537286012728714","0.9774533446573213","-3.3982224118233644","0.9958558101852097","-8.67370360801331","0.9999999999999999","2","1.6436223978378874"
"141","25.131251900489268","1.0","4.423030745033841","0.9917810399073496","0.0","1.0","8.168450084000556","0.9855248639378793","17.596897455118746","1.009444692317708","16.979396971687326","1.0142756923801293","7.684111535763766","0.9970542641044357","19.34101574519229","1.0097955684895554","19.79426394131583","0.9999999999999998","1","0.26613720148432085"
"142","2.5604690758754427","1.0","-4.9666334370181024","0.9902503030958901","0.0","1.0","-8.313825164409621","0.9630855169647474","-7.850314464977172","0.9832803946597762","-8.566630369406234","0.9999799021606833","-9.330340268458563","0.9781978723524016","-3.3107181040317815","0.9959204257186259","-8.566630369406234","1.0","2","1.6737690446824096"
"143","-19.880880335380454","0.9999999999999998","-14.759872671200664","0.8955276272478467","0.0","1.0","-29.32069353418214","0.8073729611661364","-31.86723980960443","0.9078545427929154","-27.009749686907814","0.955097279545849","-26.319586891011333","0.8486209744727722","-26.10692165909005","0.9393626499616242","-24.020318032760517","1.0","2","1.6641504843314547"
"144","24.05759949253614","1.0","3.9535967923717092","0.9906246746909902","0.0","1.0","7.098899337394612","0.9829144635243021","16.53145675175421","1.0135418844321828","16.118496885574647","1.0147452949554439","7.160887717084145","0.992294867845489","18.27393759468258","1.0109394897220618","18.932060146210624","1.0","0","0.1271548544611632"
"145","-19.133749425231766","1.0","-14.69618229432869","0.8951754324026893","0.0","1.0","-28.319260915373572","0.808527904155081","-31.278324639095345","0.9025758527613418","-26.905014688469112","0.9531435932035911","-27.112960531162745","0.8440913449943642","-25.37276952158409","0.9374162386926631","-23.90944992520891","0.9999999999999998","2","1.7162613147299242"
"146","17.504524746435504","1.0","-2.863958640643363","0.9735177276698466","0.0","1.0","-2.4073341918987405","0.9358767935400651","10.812599191270131","0.9820457603751342","15.662559675933027","1.0057273735203431","-7.733474819309463","0.947486833758461","11.596602005904037","0.9897495346725049","18.501371510827926","0.9999999999999999","3","0.232327343980038"
"147","2.481747901595036","0.9999999999999998","-4.968079031459352","0.9903016038737987","0.0","1.0","-8.415422868580958","0.9628521991756192","-7.919814065140991","0.983243643728466","-8.571769418146845","1.00003607389225","-9.227573843526272","0.9787323636986462","-3.3897336302886263","0.9958706726317124","-8.571769418146845","1.0","2","1.666001404471212"
"148","19.66768770468754","1.0","-2.5068623445704357","0.9708977693735732","0.0","1.0","-0.9981933869140148","0.932981062288655","13.266485658883038","0.9818977188009387","18.115302213176406","1.0056860459205765","-7.8862012152903525","0.9422185286128708","13.754470548575577","0.9888665039636513","20.954230801587727","1.0","3","0.3586180089670548"
"149","25.100990543368127","0.9999999999999999","4.465047567467371","0.9873447492137947","0.0","1.0","8.238014104838669","0.9778703324797722","17.495829717192297","1.0105070950284372","16.993576679822286","1.0133096418422107","7.8812683346800565","0.9895792867045912","19.30574812274899","1.0089262216598824","19.8111293998729","0.9999999999999998","1","0.1063252724450277"
"15","24.181979911379123","0.9999999999999999","4.099630222105581","0.9932207568756997","0.0","1.0","7.291336190194252","0.9873466806076864","16.62279912418076","1.0090359755771798","16.26229018557639","1.0144235925864733","7.417000317314307","0.9981301070013556","18.392724045598907","1.0099659738313589","19.076746424810022","1.0","0","0.18339554692610377"
"150","18.863342132205343","1.0","-2.5120750384348542","0.9727372263865972","0.0","1.0","-1.536463607298724","0.9345216755387415","12.363479592874445","0.9820466774903698","17.212870656089674","1.0057340493981441","-7.333535171118451","0.9468892800954622","12.952767214276799","0.9893069923630946","20.051663632038828","0.9999999999999998","3","0.3152822441962196"
"151","18.994207315839553","1.0","-2.4552286666939565","0.9726454284454831","0.0","1.0","-1.242285729811474","0.9352434849062538","12.432036144505757","0.9820998234636459","17.281168093040414","1.005754558537859","-7.436934648504828","0.9460139783708921","13.084925671681162","0.9895227383056189","20.11990313349451","0.9999999999999997","3","0.5260911492788285"
"152","1.4883785905495892","1.0","-5.374204844131867","0.9897559384905613","0.0","1.0","-8.952918244759362","0.9628052612806289","-9.121850534653856","0.9821039902058517","-9.685491088610101","0.99928549538701","-10.164871107870292","0.9767304896813916","-4.386373413291419","0.9953182144273074","-9.6854910886101","0.9999999999999999","2","1.579454373251532"
"153","18.291233207721945","0.9999999999999999","-2.5296008859562074","0.9736302945417505","0.0","1.0","-1.5302767102893415","0.9369523047967071","11.56913702310411","0.982191734081959","16.418534513730627","1.0057839516671212","-7.415304275295338","0.9475182394852302","12.384964759928433","0.9900257715790649","19.25718652676745","0.9999999999999998","3","0.23715465880387124"
"154","1.2807620422922972","0.9999999999999999","-5.5844493322880195","0.9888848788130726","0.0","1.0","-9.586376473892619","0.9604827968881818","-9.145185871119105","0.9824309930522968","-9.740474241353027","0.999342705929858","-10.27405970953554","0.9764064608123363","-4.595041394080788","0.995140734074421","-9.740474241353029","1.0","2","1.5467407346392332"
"155","-20.53855777532065","0.9999999999999999","-14.839710398617466","0.8970650152463021","0.0","1.0","-29.252655172153506","0.8068673145992812","-32.97076761751352","0.8941264484271105","-27.780543216668445","0.9517993949119806","-26.662032078462182","0.8551773612779081","-26.80274193784628","0.9336654380251863","-24.780744038313117","0.9999999999999999","2","1.7474925288893204"
"156","1.7604072485813145","0.9999999999999999","-5.30069947258095","0.9897640257656604","0.0","1.0","-8.807938811859433","0.9627979477915198","-8.791522381646839","0.9824347159431324","-9.431678316008577","0.9994214471146438","-10.046121110829764","0.9767234933829277","-4.1134141389849574","0.9954753542642812","-9.431678316008577","0.9999999999999999","2","1.5717376803752747"
"157","-20.980545630030498","0.9999999999999998","-15.634359000473422","0.8933463418921355","0.0","1.0","-30.90840388939714","0.8113157890400977","-32.84375327462144","0.9006541696341034","-28.255318625247646","0.9524896316731399","-28.086735388752192","0.8447562305554474","-27.219927014065206","0.9373621728761277","-25.257695285412108","0.9999999999999999","2","1.8012578171823077"
"158","-19.66952528579568","0.9999999999999999","-14.893433652936613","0.9063233680743691","0.0","1.0","-28.89755039346936","0.8284395101557767","-31.6249505658872","0.916078030236522","-27.001932978143973","0.9608181191545638","-26.822398094135323","0.8654475492772258","-25.850870424562913","0.9461283514302128","-24.030316824894722","0.9999999999999999","2","1.3962285593829742"
"159","18.437768410984113","0.9999999999999998","-2.771723042873219","0.9719764558880499","0.0","1.0","-1.715595325446479","0.9347978828057747","11.838292690093775","0.9819818666138911","16.68754217757261","1.0057109236332533","-8.124877834634551","0.943486831866389","12.527982367038172","0.9894385822960009","19.526400483460424","0.9999999999999997","3","0.5587215636788276"
"16","24.618937143992756","0.9999999999999998","4.2886218394485836","0.9895562983341397","0.0","1.0","7.834988730469502","0.9804899544578135","16.991347588723933","1.010405702634361","16.57119268335288","1.0139965371628352","7.610482537626083","0.9934745767507216","18.8261528017068","1.0093528832214247","19.386835215660383","1.0","0","0.4135639575729937"
"160","24.17272391695454","1.0","3.9415450093342566","0.9896219130058657","0.0","1.0","7.169755749080384","0.9793375966003373","16.618377877085823","1.0076951131075214","16.131549722998408","1.0129470891947832","7.058678267669894","0.9923352475599793","18.372437973645564","1.0080519251026199","18.950111711813378","1.0","0","0.13977972212017833"
"161","24.86631461282006","1.0","4.370470017544004","0.9913101129931133","0.0","1.0","7.889881761944906","0.9860540925411839","17.36669898429557","1.014496851423981","16.886125757963807","1.0154167741247178","7.811919957817932","0.9945523094654078","19.087821185109934","1.011840634540975","19.69782695791681","1.0","0","0.12736706838280815"
"162","18.1836891393982","1.0","-2.5343050541136978","0.9738500782024788","0.0","1.0","-1.6196040814147747","0.9370620901475207","11.454777700147508","0.9822006709590491","16.3042746951341","1.0057862912371367","-7.33762408639408","0.9481482602109016","12.27759798716728","0.9900553859224221","19.142920099744916","1.0","3","0.3498190991751741"
"163","2.183556262233754","1.0","-5.182751812244551","0.9897422953328247","0.0","1.0","-8.677608195632553","0.9623740628428803","-8.236358720694493","0.9830340982743183","-8.967312291619155","0.9997187587165572","-9.746557337644589","0.9771292822859025","-3.6889381463896553","0.9956995084781131","-8.967312291619153","0.9999999999999999","2","1.622643068895404"
"164","24.792941855428822","0.9999999999999999","4.263106524276594","0.9890732498507894","0.0","1.0","7.606884606827124","0.9781640085281513","17.334575285201904","1.0122354972322536","16.848549011968927","1.0146758037252763","7.76977598150357","0.9942720449546152","19.001374348779287","1.0095642300221976","19.66230511774447","1.0","0","0.17550675216545394"
"165","19.32497871583341","0.9999999999999999","-2.5286089323848806","0.9716779436368383","0.0","1.0","-1.3486570247943575","0.9331491602259289","12.928118384437012","0.9819274898953051","17.777292367821087","1.0056940309082152","-7.59226342303888","0.9445983797512644","13.41197859820085","0.9889026716534614","20.61619839730478","1.0","3","0.28235758095951985"
"166","24.35218555796986","0.9999999999999997","4.032079635313411","0.9924170185864752","0.0","1.0","7.292852175646275","0.9859645267716034","16.85855999474091","1.0089896045829676","16.330798600087284","1.0139865050310095","7.190767131977252","0.9960370581841782","18.561223578439268","1.0096694345031454","19.146469012112707","0.9999999999999999","1","0.5380222461939687"
"167","1.6949084784651534","0.9999999999999999","-5.325159421557607","0.9896216205383858","0.0","1.0","-9.103739737906997","0.9616915074388797","-8.756951048531235","0.9826268136333551","-9.324989760324568","0.9996118517210563","-9.822383862655073","0.9776412901670674","-4.179296945462395","0.9954105015017165","-9.324989760324568","0.9999999999999998","2","1.5958133901479106"
"168","0.9169948709673289","0.9999999999999997","-5.682403469511848","0.988870059408863","0.0","1.0","-9.759048783587607","0.9605703013220077","-9.595906428963506","0.9819682392959076","-10.093783156732842","0.9991390785146124","-10.454378559726988","0.976324451596209","-4.960028716666259","0.9949348539824907","-10.093783156732842","0.9999999999999999","2","1.5815885999592554"
"169","-20.78126520655728","0.9999999999999999","-15.224503997799642","0.8965156207129455","0.0","1.0","-29.71847251514972","0.8080944837004774","-32.94697295989439","0.9096651679119686","-28.169517164458334","0.956881703360641","-27.669532455035018","0.8550949652131925","-27.00281996550457","0.9400373873960416","-25.185665348765365","1.0","2","1.6670383006289466"
"17","18.80623419757336","0.9999999999999999","-2.732667248521267","0.9716826979266235","0.0","1.0","-1.8513971719256717","0.932824599689737","12.400535638621808","0.98186191652603","17.250009271678053","1.0056680676790175","-7.823713094690192","0.9444738699541466","12.89279910402665","0.9888301891465711","20.08898865294618","0.9999999999999998","3","0.23384264914415234"
"170","17.313074313642932","0.9999999999999998","-3.0756089044595707","0.9726566545239802","0.0","1.0","-2.615856687813156","0.9351864294874102","10.623577842410231","0.9819342403361526","15.473498322029409","1.0056877563416293","-8.308075000175085","0.9448087905690916","11.404150779007132","0.9895824954190654","18.312422078184607","1.0","3","0.40954455304256837"
"171","19.529685477084392","1.0","-2.390632347319492","0.9719113661907673","0.0","1.0","-1.0055444449523263","0.9339953386895734","13.081890791078301","0.9820178981222082","17.930854078601605","1.005727617133066","-7.441824252267432","0.9449017168331052","13.618138831352892","0.9891449494405994","20.76966522530105","0.9999999999999998","3","0.3242843738528046"
"172","17.67833404437886","1.0","-2.955652700028425","0.9724803061882435","0.0","1.0","-2.1831977879938687","0.9356786432522552","10.964291421606033","0.9819885905029616","15.81386816174306","1.0057097372771162","-8.321276343254073","0.9439580675816841","11.770205109933318","0.9897151148873626","18.652729819150277","1.0","3","0.35371916304259643"
"173","1.5743985894433061","0.9999999999999999","-5.475309147896594","0.9890407845705093","0.0","1.0","-9.38713629298775","0.9606802153351033","-8.807588406241488","0.9827306135706196","-9.453764350642171","0.9995097705824906","-10.080053683359393","0.976693634501947","-4.300399359943832","0.9953104575531259","-9.453764350642171","0.9999999999999997","2","1.6375476097201302"
"174","24.40406310732427","0.9999999999999999","4.155882860434254","0.9881024102203807","0.0","1.0","7.802716784497635","0.9790423570880084","16.67276441309507","1.006752931392886","16.221164280825068","1.0119869778415722","7.204645758904652","0.9884875240718162","18.601926935455356","1.0077315690227469","19.042402511108403","0.9999999999999999","1","0.21782233846843135"
"175","24.787412887414618","1.0","4.199263548190025","0.9884457403256504","0.0","1.0","7.616303276671366","0.9784757434373519","17.30705430504041","1.0089590111572233","16.75067146235445","1.0130708855847208","7.550317502321734","0.9909912211264347","18.988855848081283","1.0083514596422924","19.568888747269725","0.9999999999999999","0","0.22380724308141234"
"176","-24.619955011575644","0.9999999999999999","-16.69702346110479","0.8793569039463665","0.0","1.0","-33.12334346283133","0.7903141091581912","-37.13776131237482","0.8953745246264226","-31.94375896876501","0.9473103352084608","-30.542002952954256","0.8280878903296619","-30.900479128687497","0.9312460322342231","-28.929731418776917","0.9999999999999998","2","2.2382967112146828"
"177","1.8516258475586682","0.9999999999999999","-5.142582112068242","0.9902950344131757","0.0","1.0","-8.75271848559457","0.9628951825662858","-8.683888986455658","0.9824969396518808","-9.163977921625053","0.9997234555709609","-9.516610548955505","0.9787215045324401","-4.02190493970159","0.9955244339949058","-9.163977921625051","0.9999999999999999","2","1.597366473890716"
"178","19.73946086429229","0.9999999999999998","-2.476695320713817","0.9709665631269386","0.0","1.0","-0.9936048119667626","0.9327963858045254","13.36451567050416","0.9818929909873573","18.213374071114803","1.005684309332092","-7.775888954337692","0.9426889382564487","13.825855109283571","0.9888017537755868","21.05230756572697","1.0","3","0.4085761967427002"
"179","18.457284327582528","1.0","-2.7889584761287187","0.9719202533877114","0.0","1.0","-1.8234113590577916","0.9342578275198465","11.906588609242716","0.9819467702932579","16.75593290216128","1.0056980481262192","-8.072109720416588","0.9437765548094754","12.546532688549375","0.9892775188184163","19.594827582466834","0.9999999999999998","3","0.312942688110879"
"18","2.350690367139682","0.9999999999999998","-5.102806877860678","0.9898482601652361","0.0","1.0","-8.647526319327087","0.9621247391230155","-8.007961191731033","0.9832785000326794","-8.722856689441059","0.9999200669131406","-9.481452483469049","0.9778711632885911","-3.521331302718941","0.9957793883600099","-8.722856689441057","1.0","2","1.6467244128859795"
"180","18.293460658447856","1.0","-2.6228214385525654","0.9731780585801532","0.0","1.0","-1.7061268471547326","0.935979384622559","11.638496895461463","0.9821116453280132","16.487945122069473","1.00575541251068","-7.575246883104357","0.9467204901463545","12.385570661393315","0.9897550007363517","19.326677750219282","0.9999999999999999","3","0.21665057037880806"
"181","17.645192761413895","1.0","-3.1195875086531775","0.9717688302093668","0.0","1.0","-2.591685322946233","0.9336959697534659","11.0726059391978","0.9818247598736772","15.922415513906685","1.0056504457821238","-8.496622403327864","0.9431587319147708","11.733706395213257","0.989154999953307","18.76144468303684","0.9999999999999999","3","0.23164059510825322"
"182","19.611375888254983","1.0","-2.5074425574686265","0.9711326258380315","0.0","1.0","-1.1456410875104817","0.9327043813015201","13.245598894134313","0.9818857382021166","18.094585943571257","1.005680809890979","-7.728508741623284","0.9432508489773154","13.697591807464626","0.9887720431431313","20.933529324837966","0.9999999999999998","3","0.32599920115792047"
"183","18.266809827581884","1.0","-2.5179548643201377","0.9737285960685692","0.0","1.0","-1.509251001659585","0.9371720141073181","11.527354614423837","0.982206487019939","16.376752008552522","1.0057890953151511","-7.394693535605775","0.9476648624366254","12.360911148659943","0.9900875374782088","19.2153894927134","1.0","3","0.34900712771899356"
"184","1.8900683710242985","1.0","-5.124930814631069","0.990357375988038","0.0","1.0","-8.659546350865988","0.9632043822377215","-8.669059317782192","0.9824663540995189","-9.16735464223447","0.9996924079225517","-9.550084397257944","0.9785511661993612","-3.9832919317101303","0.9955532295345664","-9.16735464223447","0.9999999999999998","2","1.6453406474130348"
"185","19.426092476848037","0.9999999999999999","-2.4910379647695327","0.9715709622001205","0.0","1.0","-1.1452019133388915","0.9335836314553136","12.990257354820432","0.9819614527687774","17.83924378278242","1.0057072742820679","-7.670293350515637","0.9439171525441843","13.513898213254969","0.9890369839222181","20.678112398307338","0.9999999999999996","3","0.7336517463110789"
"186","2.0921009823999386","0.9999999999999999","-5.217460291625234","0.9896718282696714","0.0","1.0","-8.798669227329036","0.9620693188114637","-8.31575269009497","0.9830029746735904","-9.017487483294682","0.9997209578937507","-9.746752097335435","0.9772656795756616","-3.7807393183664315","0.9956410703567085","-9.017487483294682","0.9999999999999998","2","1.6172542522656648"
"187","-19.288773771818647","0.9999999999999999","-14.695487783473014","0.8983609354710244","0.0","1.0","-28.812910298286457","0.8165981359805715","-31.169240381895257","0.9133903838545879","-26.619338366039578","0.9569032527666936","-26.447487647691577","0.8477286154765745","-25.48980694471416","0.9431361135502777","-23.63555380732802","1.0","2","1.547052248483768"
"188","-22.201009719806816","0.9999999999999998","-15.644918221047401","0.8954144979561864","0.0","1.0","-31.185521786348488","0.8126613485299898","-34.35060175388049","0.9089571315751371","-29.12391463531338","0.955556002016658","-27.76819854895357","0.8514621544972504","-28.419105290640797","0.9405582830703731","-26.135919385000147","1.0","2","1.760698958562319"
"189","-18.911014045524478","1.0","-14.655708198679148","0.9090034397751822","0.0","1.0","-28.185092039426433","0.8340413951330249","-30.880841520457206","0.9123554659311164","-26.40864864431206","0.9600320977524395","-26.541369535879703","0.8665670630338469","-25.095520033943405","0.9456466710939665","-23.4345973088738","0.9999999999999999","2","1.3762359083354523"
"19","24.48284429295213","0.9999999999999999","4.233386623370143","0.9896772650846822","0.0","1.0","7.616064242755435","0.9802234436750842","16.88837852430796","1.0102559164059866","16.516206043824653","1.014043278670484","7.640490033599025","0.9939153055064115","18.689348931450606","1.0092294306026852","19.331718686790175","1.0","0","0.17201742787502114"
"190","-20.34458009362364","0.9999999999999999","-15.057147160848652","0.9035879541858389","0.0","1.0","-28.862952941394834","0.8224577336350943","-32.654581965397526","0.9105325921880735","-27.935974982819896","0.9586102908125416","-27.604567683161218","0.862969928612377","-26.54853680027369","0.9426934100180733","-24.95750857158719","1.0","2","1.5342820185872048"
"191","24.31832268885286","1.0","4.116913782379908","0.992883492488994","0.0","1.0","7.501947461019772","0.9878151150904788","16.755464037498175","1.0139192831210155","16.296590920469196","1.0155588091384262","7.2651873386303825","0.9963039085695041","18.54049670830031","1.0119571245438161","19.107898562868904","1.0","0","0.1334109435268752"
"192","25.086787657436233","1.0","4.463638288509678","0.9885681880729537","0.0","1.0","8.240940588351194","0.9818688396999828","17.478036015984173","1.0078876670580617","16.96728240863901","1.0125222548157067","7.846753059239106","0.98965758064696","19.289648233668622","1.0085971966543128","19.787027965993243","0.9999999999999998","1","0.2731462667306759"
"193","25.059513376463208","1.0","4.341895634610692","0.9884952846520021","0.0","1.0","8.095896462766305","0.9798021001794163","17.49449696569635","1.0084340298446455","16.871597999618302","1.0128177998979389","7.55536359240164","0.9905961033909468","19.26139477991978","1.0084274487872023","19.69052007708155","1.0","0","0.13316258287779684"
"194","1.2491437474572287","1.0","-5.475137128962618","0.9893974249392236","0.0","1.0","-9.50524850109542","0.9609649999064726","-9.226467469111423","0.9822563191778877","-9.671126667971134","0.9994697475103004","-9.95315696481088","0.9778194459048848","-4.626712046049117","0.9951318979260901","-9.671126667971132","0.9999999999999998","2","1.5921354490874196"
"195","18.28662928954642","0.9999999999999999","-2.797859655954133","0.9722541160001245","0.0","1.0","-1.9382533668056179","0.934539190612525","11.714862330524438","0.9819689004184409","16.564328191982217","1.0057048386486482","-7.9831352491122995","0.9446119606137263","12.376362480497832","0.9893583829829108","19.403203688360087","0.9999999999999999","3","0.04894525613516503"
"196","0.7527535694856841","0.9999999999999999","-5.755787876152476","0.9887443130549406","0.0","1.0","-9.829027850208211","0.9606236842694333","-9.802928540481679","0.9817566911153273","-10.2997459667396","0.9989796635014121","-10.652968373243038","0.9758019427615477","-5.124828965795399","0.9948405695257428","-10.2997459667396","0.9999999999999998","2","1.519023835518083"
"197","1.5650681970583755","0.9999999999999999","-5.380265001546313","0.9896226271349466","0.0","1.0","-8.9822026183215","0.9624952348348207","-8.99791170413677","0.9822800542940531","-9.603739091449345","0.9993351194011423","-10.15646043932887","0.9765952783023996","-4.309446648869948","0.9953582551506261","-9.603739091449345","0.9999999999999999","2","1.557545839097206"
"198","1.6766231288242062","0.9999999999999998","-5.289041684663398","0.989856018508783","0.0","1.0","-8.961307951287395","0.9623664625165224","-8.845670112698858","0.982438707121791","-9.38774359745148","0.9995486256497333","-9.839241205921482","0.9776799718303596","-4.197535470912548","0.9954184083142024","-9.387743597451477","0.9999999999999999","2","1.5901880486534437"
"199","-19.77166288988668","1.0","-14.659880783628886","0.8942622208543055","0.0","1.0","-28.725601184511028","0.8045263025328449","-32.00095544939316","0.9037063631293771","-27.194105528965316","0.9533283417995633","-26.603801766007614","0.8454508985132935","-26.01280894341817","0.9370981845531278","-24.199121815298266","1.0","2","1.7275762846981306"
"2","24.69330443092349","0.9999999999999999","4.366784435286911","0.9896787386127575","0.0","1.0","7.957520867282581","0.9804407939351357","17.02832583934672","1.0073122618754824","16.645095256321365","1.013266561708795","7.7579840264505995","0.9946135211447031","18.893622490723846","1.0081565489824738","19.462767864360952","1.0","0","0.18225413586419"
"20","2.4450765145492728","1.0","-5.066344475344639","0.989961118893857","0.0","1.0","-8.434084709099636","0.9628124266171327","-7.9645976486694146","0.9832212276999052","-8.730219601897543","0.9998390317146698","-9.57304447015461","0.9773965081935074","-3.4265187940889503","0.9958514427605246","-8.730219601897543","0.9999999999999998","2","1.6653466971006703"
"200","-21.29958440885504","0.9999999999999999","-15.420004224387172","0.8933733211870963","0.0","1.0","-29.915776299521987","0.8113252510734905","-33.58881772341033","0.9097785932663944","-28.846373558497476","0.954557726610547","-28.292268056332244","0.8417397288857846","-27.517890469466263","0.9405265702507918","-25.855250625704155","0.9999999999999997","2","1.8176305041447487"
"21","23.834095601061662","0.9999999999999999","3.8170721147754607","0.9910807041053611","0.0","1.0","6.95039019363613","0.982563310615302","16.269441083579878","1.01255959576885","15.822024032977719","1.0145952979655504","6.8079874781062095","0.9931950729954827","18.048010286688196","1.0105175120651602","18.636003583386948","0.9999999999999998","1","0.09390883448841754"
"22","1.2672476297994628","0.9999999999999999","-5.569143755854672","0.988939585120252","0.0","1.0","-9.628698220673362","0.9603353993810603","-9.146349122346338","0.982442398357444","-9.702771594436324","0.999403772189109","-10.172170964203461","0.976828985814291","-4.608644708780233","0.9951257304227452","-9.702771594436324","0.9999999999999999","2","1.5331467698581236"
"23","18.99625722984205","0.9999999999999999","-2.4521191518634677","0.9726268058614215","0.0","1.0","-1.1992877685027354","0.9354014235190967","12.418280327453838","0.9821084674004241","17.26737001044676","1.0057578461072607","-7.471971891942271","0.9458081320770106","13.087264082821234","0.989570878753234","20.106095764190076","0.9999999999999999","3","0.06437432743648053"
"24","18.515161094464514","0.9999999999999998","-2.7106149931089116","0.9720954028039632","0.0","1.0","-1.5472729080547263","0.9352928251208895","11.881531155872583","0.9820251185655362","16.730678795872755","1.005726938786704","-8.076373176119235","0.9435474005740279","12.606213542003257","0.9895784873792519","19.56949185887223","1.0","3","0.39562043872681846"
"25","1.4201998429963878","1.0","-5.406875557350773","0.9895109498673188","0.0","1.0","-9.3788379145491","0.9611287741439789","-9.034261831982116","0.9824221364194557","-9.504564212231307","0.9995691371096431","-9.8337989775019","0.9780175243777453","-4.45505029619685","0.995234121938252","-9.504564212231308","0.9999999999999998","2","1.6045360662001376"
"26","17.939931817449725","1.0","-2.9928322094565605","0.9719254981991761","0.0","1.0","-2.3773322262523764","0.9336902969534531","11.400391059053081","0.9818616946776707","16.250112256430118","1.0056646996189254","-8.246699260490045","0.9439325785072525","12.028310450627236","0.9891324913461115","19.08910115348038","0.9999999999999997","3","0.5272931805829344"
"27","-21.4380287075444","0.9999999999999997","-15.273625476664943","0.8917452939733947","0.0","1.0","-30.5083699660777","0.7992399312121508","-33.67026154431484","0.8998504656269316","-28.48265521125426","0.9523980271944589","-27.256961499076414","0.8488979592954415","-27.69511643031232","0.9347201291826942","-25.48474328768812","1.0","2","1.896403949829347"
"28","-19.72559711545161","1.0","-14.916284408071006","0.8949829016509114","0.0","1.0","-28.932552058885268","0.8085886219311083","-31.89941078360424","0.8991759408380134","-27.371657433021532","0.9522608033604181","-27.333843262694018","0.8456639951823395","-25.973408969520356","0.9361023525646704","-24.373313105973605","1.0","2","1.7588906369911255"
"29","1.8152851979854012","0.9999999999999999","-5.264663439529062","0.9898241438033989","0.0","1.0","-8.848582481001012","0.9625180972296871","-8.694307661217092","0.9825697477053743","-9.303157245037472","0.9995565343203899","-9.86872403461311","0.977324678804868","-4.058382706828707","0.995501275489462","-9.303157245037474","1.0","2","1.5955703160822032"
"3","-18.6725594916173","0.9999999999999998","-14.305622731855227","0.9022545166199242","0.0","1.0","-28.008158830475814","0.8226952582191878","-30.679330023999643","0.9079722413478702","-25.986725163891048","0.9558510466121715","-25.62748142840882","0.8517367521376791","-24.88106855019753","0.9420048902624436","-22.99965306113169","1.0","2","1.508675918896215"
"30","-20.164332095489545","1.0","-14.717395906081103","0.9018420628456922","0.0","1.0","-28.733824369315737","0.8186827294220164","-32.517401920610595","0.9051739594535566","-27.457628168117623","0.9558097293458085","-26.506715913499857","0.8582422208963226","-26.386360102282687","0.9399661693426601","-24.470426824575092","1.0","2","1.603521409547561"
"31","-18.274806422998445","0.9999999999999998","-14.370899911353591","0.9097548154266004","0.0","1.0","-27.655873748987002","0.8316310402463016","-30.28593347198767","0.90480339924503","-25.803539104832858","0.9582444549299897","-25.995907434695383","0.8693830134622972","-24.48128807259621","0.9423114004241797","-22.82393455705684","0.9999999999999999","2","1.3827041247876786"
"32","18.437881553436355","0.9999999999999999","-2.898802815541431","0.9714565729766698","0.0","1.0","-2.10707471586972","0.9328833605990916","11.98635749371466","0.9818237652619245","16.83589439699993","1.0056533975975008","-8.178544716664769","0.9433094422684875","12.524733105435553","0.9888779533214707","19.674915226124227","0.9999999999999999","3","0.055807143596582"
"33","2.1909126019287615","1.0","-5.100776119997733","0.9900141476304487","0.0","1.0","-8.749483851822285","0.962087136442026","-8.194514057399275","0.9830959156976663","-8.79712498136315","0.9999491035540156","-9.365374379500784","0.9786263686795461","-3.681636024432357","0.9956903479913936","-8.797124981363147","1.0","2","1.6518815616222824"
"34","18.925426229865028","0.9999999999999999","-2.5378102386434893","0.9724605642780243","0.0","1.0","-1.522318071182246","0.9342197715635328","12.443206763834617","0.9820157897492824","17.292547319819832","1.0057235407996261","-7.444783836028852","0.9461849775430525","13.014343263640379","0.9892222648295301","20.131369982029153","0.9999999999999999","3","0.059105065823745036"
"35","-19.686977907282834","0.9999999999999999","-14.673761237443536","0.902104683725816","0.0","1.0","-28.845537538681384","0.8235959545996808","-31.780560166223008","0.9065115731448394","-26.882630497108693","0.9555787949223622","-26.17586229090564","0.8537916920221457","-25.898619762550965","0.9415316582926284","-23.894706582510178","1.0","2","1.5464329812696231"
"36","24.43518675505038","1.0","4.155482357239819","0.9904552169396537","0.0","1.0","7.727302799817441","0.9838205428059369","16.809611947116053","1.0140739932163434","16.3199050496951","1.014819011018132","7.225520161570212","0.9919306923017113","18.653945723530857","1.0113613771492216","19.133263769760074","1.0","0","0.12080450411695369"
"37","24.886569278401108","0.9999999999999999","4.321590921546214","0.9922131991808131","0.0","1.0","7.863036141998696","0.9862634414497956","17.404626023171605","1.0138742243745609","16.8431640897583","1.015663369367078","7.634207773591662","0.9971568241723673","19.10682796068942","1.0116229117549675","19.65418208199623","1.0","0","0.18209638984189408"
"38","1.5310632308496686","0.9999999999999997","-5.4875578070662785","0.9890238340877728","0.0","1.0","-9.434358787339022","0.9605746575112476","-8.849670854921937","0.9827025995662931","-9.478619343349203","0.9995085511313898","-10.075421866469798","0.9767785145687146","-4.343902263852664","0.9952821723170527","-9.478619343349203","0.9999999999999999","2","1.6204228037912587"
"39","-24.378676047236215","0.9999999999999999","-16.56733076775781","0.8774809036517929","0.0","1.0","-33.133658904633414","0.7845214350857467","-36.8081517200943","0.8949086128008227","-31.594817739354315","0.9468668963257433","-30.14526946096246","0.8265132429466411","-30.666573114338632","0.9301584679562072","-28.579377348664526","0.9999999999999999","2","2.2400632283564974"
"4","1.5352825096227654","0.9999999999999999","-5.394643093216772","0.9894500929610578","0.0","1.0","-9.308084599626623","0.961162493330124","-8.898649800230848","0.9825599230402499","-9.430006395892281","0.9995841548721615","-9.863624782232531","0.9776990138300417","-4.339560420588348","0.9953028636683687","-9.43000639589228","0.9999999999999999","2","1.5610678646251706"
"40","1.8907789701078088","1.0","-5.135209332581411","0.9903052284288135","0.0","1.0","-8.685840382097375","0.9630872750150348","-8.656484461371184","0.9824988333265637","-9.163217762754424","0.9996967340782956","-9.560345253812837","0.9784967287753206","-3.982589086982291","0.9955519197555547","-9.163217762754428","1.0","2","1.636912163819369"
"41","18.638435949478197","0.9999999999999998","-2.5293558930669318","0.9730453081610977","0.0","1.0","-1.5591053474206942","0.9353563272993621","12.060964872341096","0.9820991483683137","16.910357728908263","1.005752094508769","-7.37759384386712","0.947084346811743","12.72937029837328","0.989558779822552","19.749099729780138","1.0","3","0.3966397575913639"
"42","24.979954366403703","1.0","4.35899150672987","0.9898667648694077","0.0","1.0","8.082631613360594","0.9851919757302311","17.417139743232244","1.0096195012766533","16.842478056341267","1.0130715594597424","7.6060692915321155","0.9898969745272821","19.189875579376135","1.0098229201804874","19.660693465121266","1.0","0","0.1230097477077085"
"43","-18.666294528646137","0.9999999999999996","-14.533262203956024","0.899293647815184","0.0","1.0","-28.038178376629357","0.8154364218789943","-30.705618373193794","0.9045183657523526","-26.345055164397756","0.9548346704948096","-26.610568606565973","0.8502021166299915","-24.89195786379559","0.939419458321571","-23.35480057693851","0.9999999999999999","2","1.7229630728544998"
"44","24.358107552221263","0.9999999999999999","4.138338964319661","0.9906891346548544","0.0","1.0","7.727578372158774","0.9829715064605096","16.683701016725532","1.0117853582012817","16.209926845549134","1.0144132135308355","7.1522692605018285","0.9935449263891546","18.571042607339603","1.0103470342790968","19.024411904316594","0.9999999999999999","1","0.19172320786509583"
"45","18.03651407253927","0.9999999999999998","-2.7727717047772176","0.972695536288876","0.0","1.0","-1.74658938523805","0.9363998994737452","11.294843848631693","0.982075918803152","16.14417315134786","1.005742792432964","-8.101078483201118","0.9443655838950412","12.129513725939518","0.9899035386244341","18.982941429138517","0.9999999999999998","3","0.3706115474071514"
"46","-20.606973405204236","0.9999999999999998","-15.165868389503558","0.8919783640041745","0.0","1.0","-30.545996975346522","0.7956569454044911","-32.42590783402149","0.9066747501713032","-27.534405931727296","0.9555007611129279","-26.831358196866145","0.8530460363507892","-26.848562807311733","0.9370318846788113","-24.546237777974824","1.0","2","1.7564989826960105"
"47","17.143349058434474","1.0","-3.1471703955006745","0.9725317830204326","0.0","1.0","-2.6819216227917284","0.9354076710714784","10.412493346162982","0.9819199468728779","15.262413773813492","1.0056822739150149","-8.508913630439801","0.9440367207584803","11.234877352448184","0.9896579016340786","18.10135301889714","0.9999999999999999","3","0.24773412357626856"
"48","-23.20873497399895","1.0","-16.269743780937155","0.8796104648307003","0.0","1.0","-32.54974366503502","0.7833606161558974","-35.462547113912755","0.8902263066880421","-30.46915999793027","0.9467166960695281","-29.52868432527402","0.8322587400878881","-29.50917742633613","0.9283137936221891","-27.45324075376096","1.0","2","2.2168730025008947"
"49","23.77668224592941","0.9999999999999999","3.8525396306576103","0.9904629067871951","0.0","1.0","6.997804524601464","0.9817438964388878","16.15357693102313","1.0106145148723862","15.781710990935968","1.0138337208182455","6.9025403722009475","0.9921202418876168","17.985602875736745","1.009649037288771","18.59780606500974","1.0","0","0.18859144897012312"
"5","-20.865013664284835","0.9999999999999999","-15.314282267542241","0.9008426213982434","0.0","1.0","-29.89197679564368","0.8229806373939852","-32.96700819425385","0.9106706788905108","-28.15843206466521","0.9572549955657268","-27.597890198326066","0.8556553439720274","-27.066868988701735","0.9430115748990736","-25.175744887543622","0.9999999999999998","2","1.6055662382627447"
"50","17.89488485486818","1.0","-2.8933816928334997","0.9724036532892942","0.0","1.0","-2.047455913513817","0.935478185926099","11.212900606520336","0.9819952895634712","16.062389757181794","1.005713109784141","-8.230816656643857","0.9440166121111364","11.986364200105688","0.9896497319571881","18.90124188709743","0.9999999999999998","3","0.3181297410301766"
"51","-20.721507870252285","0.9999999999999999","-15.084082349357153","0.9011490290341662","0.0","1.0","-29.43228910646202","0.8190513557359937","-32.98744753607577","0.9077985984402005","-28.016777265578586","0.9567863463898495","-27.21084255317524","0.8587726509834109","-26.935963071197378","0.9411070891784871","-25.032627798671964","0.9999999999999999","2","1.5845385842707826"
"52","23.967877076072803","1.0","3.9663767590290737","0.9920025935341783","0.0","1.0","7.359443546323157","0.9822350542017346","16.28115938240211","1.0118313905303158","15.851703286490194","1.0152120594562202","6.8796031023411155","0.9978840104303514","18.180220816326784","1.0102441601450705","18.663971913819925","1.0","0","0.13425026417324307"
"53","18.272272875155778","0.9999999999999999","-2.729781671107462","0.9726927697265917","0.0","1.0","-1.9118819648559087","0.9349353892987236","11.68641551004977","0.982018320293633","16.53594409467059","1.0057219423512127","-7.755092995963081","0.9458572072598928","12.362629388104187","0.9894623655802051","19.374771272470404","1.0","3","0.27492261005580876"
"54","25.24598044182559","1.0","4.528903502953746","0.9885968632572164","0.0","1.0","8.254558883907075","0.9825185340919204","17.719467014969226","1.0111756567127774","17.20545973565022","1.0135305099679632","8.071084258542486","0.9896966255638201","19.45661258887796","1.0099465039928313","20.022397960594112","1.0","0","0.13276989581259677"
"55","2.2077005486473245","0.9999999999999999","-5.143185909596167","0.9899096946279154","0.0","1.0","-8.579238600426361","0.9627519419825746","-8.244420437298807","0.9829679076368418","-8.956568923788197","0.9997206706972219","-9.704050244757324","0.9772987490132058","-3.6646537842549423","0.9957231760888873","-8.956568923788199","1.0","2","1.6197448586545493"
"56","1.7956496021923942","0.9999999999999998","-5.307200727889005","0.989635667968253","0.0","1.0","-8.94942812549033","0.9621149059450091","-8.6785882230941","0.9826490146202649","-9.312274227708244","0.9995535739193518","-9.91976394891034","0.9771089562948655","-4.078141100330222","0.9954805364574406","-9.312274227708244","0.9999999999999998","2","1.6139597197326658"
"57","2.4700142836098204","0.9999999999999999","-5.072605789992209","0.9899245545268177","0.0","1.0","-8.375386152279328","0.9629886830087404","-7.954186806596215","0.9832042685052623","-8.756081587628433","0.9997802431263983","-9.658957348414498","0.977013408198325","-3.401481979928823","0.9958681827328226","-8.756081587628437","0.9999999999999999","2","1.6183223207477364"
"58","23.59306139682988","1.0","3.7814437688794826","0.9917163150045574","0.0","1.0","6.916991809445663","0.9841543485125583","15.9386501347582","1.0109555446128473","15.570803703811583","1.0141799553262143","6.700301572959053","0.993476911313538","17.805247760707545","1.0102167841030738","18.385936606644194","0.9999999999999998","1","0.27226710658950953"
"59","19.193616661493188","0.9999999999999997","-2.608437800600216","0.971405803632473","0.0","1.0","-1.3594196427967817","0.9333992356158256","12.74900207088246","0.981920824554612","17.59806956027098","1.00569194951961","-7.884107247070389","0.9432694568093355","13.28119263242023","0.9889986850074038","20.436981469991583","0.9999999999999999","3","0.5407534777844629"
"6","-17.919823280970046","1.0","-14.120735058563557","0.9110907816354075","0.0","1.0","-27.21490399518003","0.8343533511342596","-29.855473832066757","0.9146950111584867","-25.355894110393006","0.9611802842380694","-25.442087078402842","0.8691712256041633","-24.09793069846841","0.9466222581981073","-22.38539864293193","0.9999999999999997","2","1.3750625861698438"
"60","-22.93983302698779","0.9999999999999997","-15.977430476835181","0.8831312076759089","0.0","1.0","-31.383217518318283","0.7918066220503786","-35.43039503831376","0.899657238560389","-30.436522184375963","0.9494796379131735","-29.40704489365709","0.8318288734956685","-29.20743281293026","0.9331586523868374","-27.42938720473807","0.9999999999999999","2","2.108560775488311"
"61","2.0645680365928025","0.9999999999999999","-5.124132136664338","0.9900916642687354","0.0","1.0","-8.750932948740795","0.9623880476475491","-8.376521890658292","0.9828795615576539","-8.944383498232817","0.9998526278530534","-9.450359488830108","0.9785498930465606","-3.8083246959275874","0.9956322126677207","-8.944383498232813","1.0","2","1.621972098932619"
"62","1.8046123628821915","1.0","-5.223353350856214","0.9899854372076891","0.0","1.0","-8.880184296275127","0.9624314106444558","-8.696008147379978","0.9825696801318851","-9.233577104309004","0.9996613033888552","-9.681390182416484","0.9780952085897963","-4.069116720851078","0.995490943009216","-9.233577104309001","0.9999999999999999","2","1.6097593184047974"
"63","1.6771637835779876","0.9999999999999999","-5.360626855573891","0.9895632599115936","0.0","1.0","-8.971784120562845","0.96227880311803","-8.840212923723447","0.9824700931532698","-9.480546632302989","0.999414466739668","-10.094669475318229","0.9766235965340188","-4.196997053589292","0.9954180304950059","-9.480546632302989","1.0","2","1.5795817846584839"
"64","24.468971115706744","1.0","4.1360990166093465","0.9908592740155481","0.0","1.0","7.64007053311727","0.9809964100102805","16.873232324728026","1.0123806291290123","16.355741230255223","1.0150868574734848","7.225831862245444","0.9963928625961488","18.68102738468286","1.0101941548725633","19.16835700491413","0.9999999999999998","1","0.25941211240205553"
"65","18.81656333146884","0.9999999999999999","-2.6783922856008613","0.971841051625549","0.0","1.0","-1.621887661080229","0.9338361755036876","12.32788128676575","0.9819453814989942","17.177144267900143","1.0056987995946538","-7.868421305439097","0.9441517800967396","12.904954643753472","0.9891346052854417","20.01603682521693","1.0","3","0.2749842576978657"
"66","-23.775939232238066","0.9999999999999999","-16.472724022428658","0.8809116160518383","0.0","1.0","-32.797550888558","0.788663680644493","-36.0104822841231","0.9024471807983862","-31.0140925027091","0.95056999378912","-29.968637966653688","0.8332379034987138","-30.038485760429385","0.9339086148446207","-28.010410036970423","0.9999999999999998","2","2.119845944369942"
"67","25.24359881720071","1.0","4.419873013478089","0.98963718850724","0.0","1.0","8.176654799235324","0.9817816533242891","17.73967000372105","1.0100117619072515","17.087229890641364","1.013765806479041","7.72107975019071","0.9932831787936391","19.45080000302011","1.009350370197229","19.90351377302281","0.9999999999999999","0","0.2194711957000218"
"68","25.30766019229121","0.9999999999999999","4.432744969432355","0.9874172512108184","0.0","1.0","8.338600389258103","0.9783010464693574","17.743249537303345","1.0093784747625687","17.068227036018683","1.012793763425605","7.654319369185112","0.9889468263329687","19.510168575943144","1.0085361344828592","19.88721606854273","0.9999999999999999","1","0.2152435690097296"
"69","-20.61831329558666","0.9999999999999999","-15.159534203659865","0.9011206980678105","0.0","1.0","-29.759668294171448","0.8225472951884522","-32.73561007227244","0.9051116314099729","-27.82801862079314","0.9555266302387826","-27.134361535508866","0.8559091017596768","-26.83481626071137","0.9407982980379989","-24.839931439616773","0.9999999999999999","2","1.6021280901983297"
"7","24.87712780473672","1.0","4.336771254436739","0.9913099975689815","0.0","1.0","8.037107433964465","0.9836782969139202","17.27864215017486","1.0087685193494964","16.717679012053242","1.0140155683810836","7.521665104561158","0.9966415286391452","19.08374418194435","1.0092488295254955","19.53326865731937","1.0","0","0.1179285978863803"
"70","-20.90227668862133","1.0","-15.085895657981718","0.8941831739699225","0.0","1.0","-29.735504521815905","0.8043002496004611","-33.20743462952639","0.9012738227764031","-28.169654459580116","0.9531393323834694","-27.21443272809925","0.8497738357190451","-27.150328313570295","0.9360665718525746","-25.174076293029295","0.9999999999999999","2","1.7750046685874827"
"71","24.980132757699987","0.9999999999999997","4.403495698804806","0.988328887378306","0.0","1.0","7.955485965714682","0.9798079002401738","17.46068550136771","1.012156568344826","16.991847769745604","1.0140326945947016","7.936496899294494","0.9907583358319646","19.190244083774534","1.0098559651357377","19.80738982360583","0.9999999999999998","1","0.5075558534508401"
"72","-20.943854818524976","0.9999999999999999","-15.411723093235038","0.8881092566828634","0.0","1.0","-30.72862085077535","0.7950133667215525","-32.917097664069495","0.8981422369475113","-28.171530476045657","0.9509919185520329","-27.705013903523064","0.841446528423202","-27.208874556808585","0.9335414101438354","-25.169181869644866","0.9999999999999998","2","1.905228818484255"
"73","18.695836120390908","0.9999999999999998","-2.655650574302935","0.9723911365828419","0.0","1.0","-1.907302917098625","0.9333471975350434","12.271411290943464","0.9819287146588923","17.12105438900846","1.005690532029804","-7.474409838693948","0.9465417561931533","12.78323774732953","0.9889696261236721","19.959970303365623","1.0","3","0.3962815154851246"
"74","24.549935344736646","1.0","4.201760360197546","0.9909010936543973","0.0","1.0","7.751866153000462","0.9819309898982578","16.951851083398704","1.0136159740412094","16.45082958930029","1.0154065615112375","7.345929048010735","0.9960426832757889","18.765701945608228","1.0108399450871444","19.26255909110953","0.9999999999999999","0","0.2174359377956744"
"75","2.406438626642481","0.9999999999999999","-5.064722921618308","0.9900054771224601","0.0","1.0","-8.467135895191467","0.9627724554376949","-8.006030062243834","0.9831873779030947","-8.740856189204777","0.9998581349233764","-9.531752964367332","0.9776340972525576","-3.465282136880999","0.9958302399864842","-8.74085618920478","1.0","2","1.6350988671092404"
"76","2.175618634788428","0.9999999999999999","-5.1521635440369264","0.9898126959437111","0.0","1.0","-8.802374614201998","0.961874949377161","-8.193508756214587","0.9831362478679264","-8.847182018548688","0.9998884932740127","-9.500154082160659","0.9780898446164435","-3.6970086104215216","0.9956770650579493","-8.84718201854869","1.0","2","1.6219845909194037"
"77","18.019541013782504","0.9999999999999999","-2.6744883901563186","0.9735167433749015","0.0","1.0","-1.9771420138139002","0.9359529225636913","11.363190285685777","0.9821036216145418","16.212886613365573","1.005750538450964","-7.479576388097126","0.9477924046581759","12.111613100455033","0.9897486711523681","19.05163300982507","1.0","3","0.27946914963235014"
"78","-21.327056356320245","0.9999999999999999","-15.379621197564557","0.8999640696781891","0.0","1.0","-30.563467332893417","0.8180100316911685","-33.494362286736646","0.897639334343457","-28.312405824440585","0.9536328970945781","-27.2175692851437","0.8594577245199911","-27.56801955958182","0.9371255313608005","-25.31837947018889","0.9999999999999998","2","1.7264101084051104"
"79","-20.030785131125345","0.9999999999999997","-14.657855160260631","0.903647577999718","0.0","1.0","-28.57192101875866","0.8188131044530106","-32.41290278521101","0.9036188265167189","-27.327309555897862","0.9563643340176107","-26.396894930941283","0.8640953894562954","-26.256783676890944","0.9393690787645073","-24.34184208844157","1.0","2","1.6267803853586678"
"8","-21.58192921728096","0.9999999999999999","-15.483395413622983","0.8928228803366551","0.0","1.0","-29.997808838407405","0.8076790781380168","-34.026385206998455","0.90344105460299","-29.175368062178862","0.9529939967696252","-28.49501682007144","0.8442729971281343","-27.82140336196917","0.9373482924844853","-26.1793326404894","1.0","2","1.8194060564611345"
"80","24.359728115357964","0.9999999999999999","4.033280527904531","0.9909868377839284","0.0","1.0","7.343481283888591","0.9826204804826113","16.854702587319736","1.0131749486023904","16.327186178090823","1.014975242873176","7.173741381145407","0.9944209026915034","18.574877745412227","1.0107325026400866","19.140111498660566","0.9999999999999997","1","0.3117986075279113"
"81","18.98647642824261","0.9999999999999999","-2.570140654193537","0.9721718640647778","0.0","1.0","-1.551374955524805","0.9337333538986302","12.537931598006907","0.9819704471881006","17.387266961083096","1.0057076528450095","-7.5340382616661525","0.9456054956680159","13.074547576891314","0.9890812284004833","20.226134507141403","0.9999999999999997","3","0.4820245953151145"
"82","18.229665741215502","1.0","-2.785549993361111","0.9722770953788921","0.0","1.0","-1.748067487906225","0.9355242469187618","11.562618562337358","0.9820226502329841","16.411902794750002","1.005724675582585","-8.14488850273379","0.9437718870448599","12.321164846443207","0.98965302993414","19.250722251224868","0.9999999999999999","3","0.21663629691070468"
"83","24.649965780495016","1.0","4.370429406549726","0.990815453755642","0.0","1.0","7.993670540103632","0.9837706238880525","16.98796190540145","1.0114148644630705","16.604010261040468","1.0146071066662654","7.707234559240266","0.9951186127817335","18.862825452699333","1.0103339183487872","19.417957034047372","1.0","0","0.11094358571566819"
"84","2.105201128637426","0.9999999999999998","-5.161743276003254","0.9899488777360148","0.0","1.0","-8.63138048034988","0.9627771356415077","-8.369887471061102","0.9828431754356552","-9.040989845618993","0.9996891092065671","-9.717407959630826","0.9774374226768404","-3.7674787796624227","0.9956681676413206","-9.040989845618993","0.9999999999999999","2","1.6150506758333154"
"85","1.1631326991860897","1.0","-5.5580684256549935","0.9892462316432089","0.0","1.0","-9.371769130680649","0.9617148542827143","-9.409064961799938","0.9819924399596062","-9.956689109354821","0.9991522367303769","-10.403301590604789","0.9762219397543888","-4.712857364796078","0.9951092382421477","-9.956689109354821","1.0","2","1.5672438383243248"
"86","2.211538020311459","0.9999999999999999","-5.16880016344556","0.9897146241520243","0.0","1.0","-8.776299801318473","0.9618895072956296","-8.152924244341536","0.9831783109191361","-8.855263835185577","0.9998465030973626","-9.589762532121913","0.9776634148945302","-3.6609659379886987","0.9956978949774896","-8.855263835185573","0.9999999999999999","2","1.6044113273938465"
"87","17.825585542125495","0.9999999999999999","-2.973198121494934","0.9723027595952961","0.0","1.0","-2.451133325956929","0.9339671881152405","11.271249495326996","0.9818904002756962","16.121086718664632","1.0056739499381218","-8.093735914597863","0.9449866979679995","11.91441971517161","0.9892084474775219","18.960049480935794","0.9999999999999999","3","0.07745403701686565"
"88","25.2389420391534","1.0","4.519450742257424","0.9911970004022718","0.0","1.0","8.316410822139938","0.9854745497154526","17.7075090130292","1.0132851316587699","17.130622219195743","1.0152339409847724","7.89332010458141","0.9957805743654987","19.45726714038221","1.0112857405267102","19.942830184448063","0.9999999999999999","0","0.22427934874818745"
"89","-21.67068478458305","0.9999999999999998","-15.753661856677516","0.8905813243481113","0.0","1.0","-31.14765401259838","0.8022411455726957","-33.65576874055626","0.9072542248315476","-28.92882037521927","0.9545250318436853","-28.459595996004282","0.8457252379511169","-27.90408184456386","0.9382585217426671","-25.937594896131902","0.9999999999999998","2","1.8443301676504265"
"9","19.28072470795918","0.9999999999999999","-2.384678133793189","0.9725128535011633","0.0","1.0","-1.1598539438770998","0.93454118648429","12.7977801635495","0.9820702537391272","17.646917757626788","1.0057446883849663","-7.255964134922274","0.9464095492234049","13.370112674805688","0.9893008021396421","20.485680679608112","1.0","3","0.2832685495750432"
"90","19.162863512463396","1.0","-2.565385591598207","0.9716656287700756","0.0","1.0","-1.271595681906635","0.9340091659791264","12.67374047454187","0.9819756714952432","17.522760297881085","1.0057115703681754","-7.817755786315618","0.9436567794605722","13.25151096751212","0.9891773129405789","20.361616776711546","1.0","3","0.3489330686118522"
"91","1.9644216007242181","0.9999999999999998","-5.260209946704883","0.9896277621260703","0.0","1.0","-8.892270524013185","0.9619654084200906","-8.459495630561493","0.9828812370596895","-9.130728129556415","0.9996668506180195","-9.806036711337992","0.9772479313356811","-3.9088465270006956","0.9955687989713784","-9.130728129556413","0.9999999999999999","2","1.6014198819274121"
"92","24.809681801248207","0.9999999999999999","4.376407557885206","0.9904413551029552","0.0","1.0","7.91167091733252","0.9851394887544148","17.256253294791904","1.011376138344334","16.823137927602353","1.0141007245811446","7.835493242494339","0.9924178966370638","19.023465560823976","1.0104947246340519","19.638490951326077","0.9999999999999999","1","0.19503787419958193"
"93","-23.957109266465707","0.9999999999999999","-16.579696925811845","0.8796352884016408","0.0","1.0","-33.03341378371602","0.7881964372161608","-36.18784090422282","0.9009266174598842","-31.21122954729352","0.9496090264628628","-30.188317024273093","0.8303198968239693","-30.224089550985973","0.9332505284713905","-28.20450468000534","0.9999999999999998","2","2.1616438222520378"
"94","23.865960802115183","1.0","3.8481855148688666","0.9910896743401819","0.0","1.0","7.010039136732705","0.9822193666243956","16.29067942661428","1.013061091402928","15.852704957017075","1.014864233568447","6.855229994024343","0.9938316539130932","18.080694276742875","1.0106600441741538","18.665938212419828","0.9999999999999998","1","0.26656467469447054"
"95","-19.361616306786267","0.9999999999999998","-14.739406003565536","0.9008326850266473","0.0","1.0","-28.4294150467762","0.8258199491234263","-31.52846301032453","0.9030049656629248","-26.982353501462303","0.9535406712498433","-26.887493690496278","0.8464461460304343","-25.580029086343682","0.9405104925793571","-23.988037302985244","1.0","2","1.6172559926892096"
"96","24.952331175578824","0.9999999999999998","4.347750102587192","0.9896240284112451","0.0","1.0","7.8928706077751825","0.980409433230166","17.4462559857708","1.0113856675970927","16.915306161449227","1.0144130347879403","7.760193044925036","0.9943330277150956","19.161262082779075","1.009650823004076","19.72979171653743","0.9999999999999998","1","0.2608613903365046"
"97","25.09597143083008","1.0","4.3973621564191285","0.9887621148596101","0.0","1.0","8.034163853259702","0.9819854138153584","17.61076384838832","1.0138252161710801","17.048676874158215","1.014341632609385","7.823229069821051","0.9898057906835679","19.31187907016374","1.0108645094690414","19.863360707818835","1.0","0","0.128582753003517"
"98","17.743115311882374","0.9999999999999999","-2.799639756226836","0.9734101818972974","0.0","1.0","-2.263281893595319","0.9356256433338607","11.088568514942207","0.9820500029277617","15.938433095354084","1.0057299959353776","-7.644273517786334","0.9474924429428244","11.834706939096971","0.989668472309761","18.7772375220573","1.0","3","0.283100271221829"
"99","24.522941063755304","1.0","4.04579854598179","0.9911943499172651","0.0","1.0","7.316833798555714","0.9848883646757","17.090816185963725","1.0097349239355689","16.503266767792685","1.0136286550229412","7.250355343549447","0.9928580349492738","18.732361899890634","1.0097359563945332","19.319932021469413","0.9999999999999999","0","0.2161672631747995"
